x:image,y:label
./trainingData/image/_232_5302.jpg,./trainingData/mask/_232_5302.png
./trainingData/image/_144_2278.jpg,./trainingData/mask/_144_2278.png
./trainingData/image/_175_6232.jpg,./trainingData/mask/_175_6232.png
./trainingData/image/_203_4218.jpg,./trainingData/mask/_203_4218.png
./trainingData/image/_159_5922.jpg,./trainingData/mask/_159_5922.png
./trainingData/image/_63_4846.jpg,./trainingData/mask/_63_4846.png
./trainingData/image/_214_486.jpg,./trainingData/mask/_214_486.png
./trainingData/image/_29_6052.jpg,./trainingData/mask/_29_6052.png
./trainingData/image/_204_986.jpg,./trainingData/mask/_204_986.png
./trainingData/image/_32_8119.jpg,./trainingData/mask/_32_8119.png
./trainingData/image/_168_9997.jpg,./trainingData/mask/_168_9997.png
./trainingData/image/_132_3743.jpg,./trainingData/mask/_132_3743.png
./trainingData/image/_162_2803.jpg,./trainingData/mask/_162_2803.png
./trainingData/image/_31_3089.jpg,./trainingData/mask/_31_3089.png
./trainingData/image/_239_9252.jpg,./trainingData/mask/_239_9252.png
./trainingData/image/_208_4651.jpg,./trainingData/mask/_208_4651.png
./trainingData/image/_109_463.jpg,./trainingData/mask/_109_463.png
./trainingData/image/_33_7795.jpg,./trainingData/mask/_33_7795.png
./trainingData/image/_56_6761.jpg,./trainingData/mask/_56_6761.png
./trainingData/image/_212_2901.jpg,./trainingData/mask/_212_2901.png
./trainingData/image/_62_5369.jpg,./trainingData/mask/_62_5369.png
./trainingData/image/_108_4773.jpg,./trainingData/mask/_108_4773.png
./trainingData/image/_59_5136.jpg,./trainingData/mask/_59_5136.png
./trainingData/image/_141_4841.jpg,./trainingData/mask/_141_4841.png
./trainingData/image/_173_1165.jpg,./trainingData/mask/_173_1165.png
./trainingData/image/_146_4250.jpg,./trainingData/mask/_146_4250.png
./trainingData/image/_85_256.jpg,./trainingData/mask/_85_256.png
./trainingData/image/_12_2135.jpg,./trainingData/mask/_12_2135.png
./trainingData/image/_20_9045.jpg,./trainingData/mask/_20_9045.png
./trainingData/image/_204_9327.jpg,./trainingData/mask/_204_9327.png
./trainingData/image/_35_9189.jpg,./trainingData/mask/_35_9189.png
./trainingData/image/_43_6311.jpg,./trainingData/mask/_43_6311.png
./trainingData/image/_130_4315.jpg,./trainingData/mask/_130_4315.png
./trainingData/image/_117_30.jpg,./trainingData/mask/_117_30.png
./trainingData/image/_99_3728.jpg,./trainingData/mask/_99_3728.png
./trainingData/image/_70_6523.jpg,./trainingData/mask/_70_6523.png
./trainingData/image/_213_2655.jpg,./trainingData/mask/_213_2655.png
./trainingData/image/_30_6885.jpg,./trainingData/mask/_30_6885.png
./trainingData/image/_71_5106.jpg,./trainingData/mask/_71_5106.png
./trainingData/image/_38_5856.jpg,./trainingData/mask/_38_5856.png
./trainingData/image/_156_9393.jpg,./trainingData/mask/_156_9393.png
./trainingData/image/_150_910.jpg,./trainingData/mask/_150_910.png
./trainingData/image/_149_7862.jpg,./trainingData/mask/_149_7862.png
./trainingData/image/_230_5732.jpg,./trainingData/mask/_230_5732.png
./trainingData/image/_199_6817.jpg,./trainingData/mask/_199_6817.png
./trainingData/image/_193_6950.jpg,./trainingData/mask/_193_6950.png
./trainingData/image/_169_4510.jpg,./trainingData/mask/_169_4510.png
./trainingData/image/_100_2283.jpg,./trainingData/mask/_100_2283.png
./trainingData/image/_211_3907.jpg,./trainingData/mask/_211_3907.png
./trainingData/image/_107_5949.jpg,./trainingData/mask/_107_5949.png
./trainingData/image/_170_1079.jpg,./trainingData/mask/_170_1079.png
./trainingData/image/_50_6588.jpg,./trainingData/mask/_50_6588.png
./trainingData/image/_25_3540.jpg,./trainingData/mask/_25_3540.png
./trainingData/image/_228_2709.jpg,./trainingData/mask/_228_2709.png
./trainingData/image/_127_9227.jpg,./trainingData/mask/_127_9227.png
./trainingData/image/_77_7761.jpg,./trainingData/mask/_77_7761.png
./trainingData/image/_152_2852.jpg,./trainingData/mask/_152_2852.png
./trainingData/image/_244_183.jpg,./trainingData/mask/_244_183.png
./trainingData/image/_152_2087.jpg,./trainingData/mask/_152_2087.png
./trainingData/image/_102_9934.jpg,./trainingData/mask/_102_9934.png
./trainingData/image/_209_499.jpg,./trainingData/mask/_209_499.png
./trainingData/image/_37_6782.jpg,./trainingData/mask/_37_6782.png
./trainingData/image/_106_7134.jpg,./trainingData/mask/_106_7134.png
./trainingData/image/_141_3928.jpg,./trainingData/mask/_141_3928.png
./trainingData/image/_89_121.jpg,./trainingData/mask/_89_121.png
./trainingData/image/_105_5511.jpg,./trainingData/mask/_105_5511.png
./trainingData/image/_135_3769.jpg,./trainingData/mask/_135_3769.png
./trainingData/image/_67_3423.jpg,./trainingData/mask/_67_3423.png
./trainingData/image/_239_2806.jpg,./trainingData/mask/_239_2806.png
./trainingData/image/_158_855.jpg,./trainingData/mask/_158_855.png
./trainingData/image/_173_1693.jpg,./trainingData/mask/_173_1693.png
./trainingData/image/_60_5307.jpg,./trainingData/mask/_60_5307.png
./trainingData/image/_27_566.jpg,./trainingData/mask/_27_566.png
./trainingData/image/_194_9271.jpg,./trainingData/mask/_194_9271.png
./trainingData/image/_185_382.jpg,./trainingData/mask/_185_382.png
./trainingData/image/_186_3262.jpg,./trainingData/mask/_186_3262.png
./trainingData/image/_118_3165.jpg,./trainingData/mask/_118_3165.png
./trainingData/image/_56_8905.jpg,./trainingData/mask/_56_8905.png
./trainingData/image/_200_6075.jpg,./trainingData/mask/_200_6075.png
./trainingData/image/_191_1756.jpg,./trainingData/mask/_191_1756.png
./trainingData/image/_186_3519.jpg,./trainingData/mask/_186_3519.png
./trainingData/image/_209_5360.jpg,./trainingData/mask/_209_5360.png
./trainingData/image/_92_6689.jpg,./trainingData/mask/_92_6689.png
./trainingData/image/_190_5886.jpg,./trainingData/mask/_190_5886.png
./trainingData/image/_77_6846.jpg,./trainingData/mask/_77_6846.png
./trainingData/image/_134_2134.jpg,./trainingData/mask/_134_2134.png
./trainingData/image/_87_1089.jpg,./trainingData/mask/_87_1089.png
./trainingData/image/_147_7074.jpg,./trainingData/mask/_147_7074.png
./trainingData/image/_71_4232.jpg,./trainingData/mask/_71_4232.png
./trainingData/image/_74_251.jpg,./trainingData/mask/_74_251.png
./trainingData/image/_69_5675.jpg,./trainingData/mask/_69_5675.png
./trainingData/image/_168_5395.jpg,./trainingData/mask/_168_5395.png
./trainingData/image/_130_5691.jpg,./trainingData/mask/_130_5691.png
./trainingData/image/_242_4690.jpg,./trainingData/mask/_242_4690.png
./trainingData/image/_5_7033.jpg,./trainingData/mask/_5_7033.png
./trainingData/image/_119_9319.jpg,./trainingData/mask/_119_9319.png
./trainingData/image/_164_8526.jpg,./trainingData/mask/_164_8526.png
./trainingData/image/_73_4118.jpg,./trainingData/mask/_73_4118.png
./trainingData/image/_225_3258.jpg,./trainingData/mask/_225_3258.png
./trainingData/image/_225_8984.jpg,./trainingData/mask/_225_8984.png
./trainingData/image/_227_6942.jpg,./trainingData/mask/_227_6942.png
./trainingData/image/_50_6556.jpg,./trainingData/mask/_50_6556.png
./trainingData/image/_122_8258.jpg,./trainingData/mask/_122_8258.png
./trainingData/image/_65_8549.jpg,./trainingData/mask/_65_8549.png
./trainingData/image/_150_3302.jpg,./trainingData/mask/_150_3302.png
./trainingData/image/_42_4429.jpg,./trainingData/mask/_42_4429.png
./trainingData/image/_130_3166.jpg,./trainingData/mask/_130_3166.png
./trainingData/image/_201_8076.jpg,./trainingData/mask/_201_8076.png
./trainingData/image/_120_666.jpg,./trainingData/mask/_120_666.png
./trainingData/image/_24_9122.jpg,./trainingData/mask/_24_9122.png
./trainingData/image/_3_3299.jpg,./trainingData/mask/_3_3299.png
./trainingData/image/_217_9653.jpg,./trainingData/mask/_217_9653.png
./trainingData/image/_149_6744.jpg,./trainingData/mask/_149_6744.png
./trainingData/image/_6_8814.jpg,./trainingData/mask/_6_8814.png
./trainingData/image/_128_3722.jpg,./trainingData/mask/_128_3722.png
./trainingData/image/_41_4740.jpg,./trainingData/mask/_41_4740.png
./trainingData/image/_169_1056.jpg,./trainingData/mask/_169_1056.png
./trainingData/image/_72_5765.jpg,./trainingData/mask/_72_5765.png
./trainingData/image/_106_9767.jpg,./trainingData/mask/_106_9767.png
./trainingData/image/_35_208.jpg,./trainingData/mask/_35_208.png
./trainingData/image/_154_3845.jpg,./trainingData/mask/_154_3845.png
./trainingData/image/_36_2709.jpg,./trainingData/mask/_36_2709.png
./trainingData/image/_145_4498.jpg,./trainingData/mask/_145_4498.png
./trainingData/image/_0_9450.jpg,./trainingData/mask/_0_9450.png
./trainingData/image/_35_6021.jpg,./trainingData/mask/_35_6021.png
./trainingData/image/_203_4422.jpg,./trainingData/mask/_203_4422.png
./trainingData/image/_111_2192.jpg,./trainingData/mask/_111_2192.png
./trainingData/image/_57_3147.jpg,./trainingData/mask/_57_3147.png
./trainingData/image/_239_3662.jpg,./trainingData/mask/_239_3662.png
./trainingData/image/_175_1479.jpg,./trainingData/mask/_175_1479.png
./trainingData/image/_62_3200.jpg,./trainingData/mask/_62_3200.png
./trainingData/image/_247_3807.jpg,./trainingData/mask/_247_3807.png
./trainingData/image/_156_517.jpg,./trainingData/mask/_156_517.png
./trainingData/image/_191_9746.jpg,./trainingData/mask/_191_9746.png
./trainingData/image/_139_3039.jpg,./trainingData/mask/_139_3039.png
./trainingData/image/_37_9022.jpg,./trainingData/mask/_37_9022.png
./trainingData/image/_207_7124.jpg,./trainingData/mask/_207_7124.png
./trainingData/image/_41_5339.jpg,./trainingData/mask/_41_5339.png
./trainingData/image/_183_2263.jpg,./trainingData/mask/_183_2263.png
./trainingData/image/_44_4770.jpg,./trainingData/mask/_44_4770.png
./trainingData/image/_55_6297.jpg,./trainingData/mask/_55_6297.png
./trainingData/image/_69_2166.jpg,./trainingData/mask/_69_2166.png
./trainingData/image/_63_4912.jpg,./trainingData/mask/_63_4912.png
./trainingData/image/_198_7617.jpg,./trainingData/mask/_198_7617.png
./trainingData/image/_156_8775.jpg,./trainingData/mask/_156_8775.png
./trainingData/image/_82_4215.jpg,./trainingData/mask/_82_4215.png
./trainingData/image/_45_3080.jpg,./trainingData/mask/_45_3080.png
./trainingData/image/_0_1725.jpg,./trainingData/mask/_0_1725.png
./trainingData/image/_68_6240.jpg,./trainingData/mask/_68_6240.png
./trainingData/image/_41_6661.jpg,./trainingData/mask/_41_6661.png
./trainingData/image/_16_6327.jpg,./trainingData/mask/_16_6327.png
./trainingData/image/_215_1072.jpg,./trainingData/mask/_215_1072.png
./trainingData/image/_193_1714.jpg,./trainingData/mask/_193_1714.png
./trainingData/image/_174_5744.jpg,./trainingData/mask/_174_5744.png
./trainingData/image/_143_3441.jpg,./trainingData/mask/_143_3441.png
./trainingData/image/_95_2447.jpg,./trainingData/mask/_95_2447.png
./trainingData/image/_145_9305.jpg,./trainingData/mask/_145_9305.png
./trainingData/image/_218_1609.jpg,./trainingData/mask/_218_1609.png
./trainingData/image/_169_9944.jpg,./trainingData/mask/_169_9944.png
./trainingData/image/_113_5647.jpg,./trainingData/mask/_113_5647.png
./trainingData/image/_95_5345.jpg,./trainingData/mask/_95_5345.png
./trainingData/image/_119_4019.jpg,./trainingData/mask/_119_4019.png
./trainingData/image/_143_8864.jpg,./trainingData/mask/_143_8864.png
./trainingData/image/_193_5621.jpg,./trainingData/mask/_193_5621.png
./trainingData/image/_46_4236.jpg,./trainingData/mask/_46_4236.png
./trainingData/image/_58_3598.jpg,./trainingData/mask/_58_3598.png
./trainingData/image/_85_1555.jpg,./trainingData/mask/_85_1555.png
./trainingData/image/_195_4948.jpg,./trainingData/mask/_195_4948.png
./trainingData/image/_185_3526.jpg,./trainingData/mask/_185_3526.png
./trainingData/image/_139_2952.jpg,./trainingData/mask/_139_2952.png
./trainingData/image/_53_1767.jpg,./trainingData/mask/_53_1767.png
./trainingData/image/_22_7813.jpg,./trainingData/mask/_22_7813.png
./trainingData/image/_44_9365.jpg,./trainingData/mask/_44_9365.png
./trainingData/image/_197_915.jpg,./trainingData/mask/_197_915.png
./trainingData/image/_90_3229.jpg,./trainingData/mask/_90_3229.png
./trainingData/image/_205_9028.jpg,./trainingData/mask/_205_9028.png
./trainingData/image/_122_199.jpg,./trainingData/mask/_122_199.png
./trainingData/image/_116_2119.jpg,./trainingData/mask/_116_2119.png
./trainingData/image/_101_1546.jpg,./trainingData/mask/_101_1546.png
./trainingData/image/_18_2421.jpg,./trainingData/mask/_18_2421.png
./trainingData/image/_71_5247.jpg,./trainingData/mask/_71_5247.png
./trainingData/image/_74_2817.jpg,./trainingData/mask/_74_2817.png
./trainingData/image/_23_597.jpg,./trainingData/mask/_23_597.png
./trainingData/image/_90_3230.jpg,./trainingData/mask/_90_3230.png
./trainingData/image/_60_6115.jpg,./trainingData/mask/_60_6115.png
./trainingData/image/_248_753.jpg,./trainingData/mask/_248_753.png
./trainingData/image/_82_8682.jpg,./trainingData/mask/_82_8682.png
./trainingData/image/_121_416.jpg,./trainingData/mask/_121_416.png
./trainingData/image/_6_3525.jpg,./trainingData/mask/_6_3525.png
./trainingData/image/_206_4718.jpg,./trainingData/mask/_206_4718.png
./trainingData/image/_17_7699.jpg,./trainingData/mask/_17_7699.png
./trainingData/image/_167_2600.jpg,./trainingData/mask/_167_2600.png
./trainingData/image/_109_6226.jpg,./trainingData/mask/_109_6226.png
./trainingData/image/_72_2469.jpg,./trainingData/mask/_72_2469.png
./trainingData/image/_45_6178.jpg,./trainingData/mask/_45_6178.png
./trainingData/image/_111_5761.jpg,./trainingData/mask/_111_5761.png
./trainingData/image/_19_3182.jpg,./trainingData/mask/_19_3182.png
./trainingData/image/_137_1789.jpg,./trainingData/mask/_137_1789.png
./trainingData/image/_205_7044.jpg,./trainingData/mask/_205_7044.png
./trainingData/image/_150_4433.jpg,./trainingData/mask/_150_4433.png
./trainingData/image/_107_5737.jpg,./trainingData/mask/_107_5737.png
./trainingData/image/_82_1835.jpg,./trainingData/mask/_82_1835.png
./trainingData/image/_193_8396.jpg,./trainingData/mask/_193_8396.png
./trainingData/image/_104_3242.jpg,./trainingData/mask/_104_3242.png
./trainingData/image/_207_6452.jpg,./trainingData/mask/_207_6452.png
./trainingData/image/_84_386.jpg,./trainingData/mask/_84_386.png
./trainingData/image/_189_5382.jpg,./trainingData/mask/_189_5382.png
./trainingData/image/_5_9302.jpg,./trainingData/mask/_5_9302.png
./trainingData/image/_96_4962.jpg,./trainingData/mask/_96_4962.png
./trainingData/image/_208_73.jpg,./trainingData/mask/_208_73.png
./trainingData/image/_148_9366.jpg,./trainingData/mask/_148_9366.png
./trainingData/image/_16_253.jpg,./trainingData/mask/_16_253.png
./trainingData/image/_165_1400.jpg,./trainingData/mask/_165_1400.png
./trainingData/image/_153_4855.jpg,./trainingData/mask/_153_4855.png
./trainingData/image/_40_8715.jpg,./trainingData/mask/_40_8715.png
./trainingData/image/_57_9042.jpg,./trainingData/mask/_57_9042.png
./trainingData/image/_53_1458.jpg,./trainingData/mask/_53_1458.png
./trainingData/image/_13_9839.jpg,./trainingData/mask/_13_9839.png
./trainingData/image/_117_8711.jpg,./trainingData/mask/_117_8711.png
./trainingData/image/_31_1773.jpg,./trainingData/mask/_31_1773.png
./trainingData/image/_98_5986.jpg,./trainingData/mask/_98_5986.png
./trainingData/image/_129_6315.jpg,./trainingData/mask/_129_6315.png
./trainingData/image/_28_8425.jpg,./trainingData/mask/_28_8425.png
./trainingData/image/_135_9386.jpg,./trainingData/mask/_135_9386.png
./trainingData/image/_72_7917.jpg,./trainingData/mask/_72_7917.png
./trainingData/image/_130_9021.jpg,./trainingData/mask/_130_9021.png
./trainingData/image/_52_6369.jpg,./trainingData/mask/_52_6369.png
./trainingData/image/_45_7394.jpg,./trainingData/mask/_45_7394.png
./trainingData/image/_81_2132.jpg,./trainingData/mask/_81_2132.png
./trainingData/image/_204_995.jpg,./trainingData/mask/_204_995.png
./trainingData/image/_157_416.jpg,./trainingData/mask/_157_416.png
./trainingData/image/_219_6535.jpg,./trainingData/mask/_219_6535.png
./trainingData/image/_201_2839.jpg,./trainingData/mask/_201_2839.png
./trainingData/image/_170_4086.jpg,./trainingData/mask/_170_4086.png
./trainingData/image/_116_6331.jpg,./trainingData/mask/_116_6331.png
./trainingData/image/_68_9844.jpg,./trainingData/mask/_68_9844.png
./trainingData/image/_84_1538.jpg,./trainingData/mask/_84_1538.png
./trainingData/image/_227_7827.jpg,./trainingData/mask/_227_7827.png
./trainingData/image/_167_2719.jpg,./trainingData/mask/_167_2719.png
./trainingData/image/_115_4878.jpg,./trainingData/mask/_115_4878.png
./trainingData/image/_174_3607.jpg,./trainingData/mask/_174_3607.png
./trainingData/image/_224_1986.jpg,./trainingData/mask/_224_1986.png
./trainingData/image/_168_6370.jpg,./trainingData/mask/_168_6370.png
./trainingData/image/_152_3787.jpg,./trainingData/mask/_152_3787.png
./trainingData/image/_186_8436.jpg,./trainingData/mask/_186_8436.png
./trainingData/image/_3_6815.jpg,./trainingData/mask/_3_6815.png
./trainingData/image/_59_8549.jpg,./trainingData/mask/_59_8549.png
./trainingData/image/_202_4205.jpg,./trainingData/mask/_202_4205.png
./trainingData/image/_165_4559.jpg,./trainingData/mask/_165_4559.png
./trainingData/image/_125_1816.jpg,./trainingData/mask/_125_1816.png
./trainingData/image/_155_61.jpg,./trainingData/mask/_155_61.png
./trainingData/image/_241_4265.jpg,./trainingData/mask/_241_4265.png
./trainingData/image/_122_3098.jpg,./trainingData/mask/_122_3098.png
./trainingData/image/_47_2248.jpg,./trainingData/mask/_47_2248.png
./trainingData/image/_178_2181.jpg,./trainingData/mask/_178_2181.png
./trainingData/image/_93_2006.jpg,./trainingData/mask/_93_2006.png
./trainingData/image/_6_6737.jpg,./trainingData/mask/_6_6737.png
./trainingData/image/_84_8253.jpg,./trainingData/mask/_84_8253.png
./trainingData/image/_177_8006.jpg,./trainingData/mask/_177_8006.png
./trainingData/image/_25_2338.jpg,./trainingData/mask/_25_2338.png
./trainingData/image/_64_677.jpg,./trainingData/mask/_64_677.png
./trainingData/image/_40_7922.jpg,./trainingData/mask/_40_7922.png
./trainingData/image/_64_5822.jpg,./trainingData/mask/_64_5822.png
./trainingData/image/_135_21.jpg,./trainingData/mask/_135_21.png
./trainingData/image/_162_6133.jpg,./trainingData/mask/_162_6133.png
./trainingData/image/_230_1406.jpg,./trainingData/mask/_230_1406.png
./trainingData/image/_140_4982.jpg,./trainingData/mask/_140_4982.png
./trainingData/image/_97_135.jpg,./trainingData/mask/_97_135.png
./trainingData/image/_86_2694.jpg,./trainingData/mask/_86_2694.png
./trainingData/image/_249_4306.jpg,./trainingData/mask/_249_4306.png
./trainingData/image/_166_8903.jpg,./trainingData/mask/_166_8903.png
./trainingData/image/_245_2930.jpg,./trainingData/mask/_245_2930.png
./trainingData/image/_150_8765.jpg,./trainingData/mask/_150_8765.png
./trainingData/image/_178_470.jpg,./trainingData/mask/_178_470.png
./trainingData/image/_171_6504.jpg,./trainingData/mask/_171_6504.png
./trainingData/image/_170_3800.jpg,./trainingData/mask/_170_3800.png
./trainingData/image/_29_6758.jpg,./trainingData/mask/_29_6758.png
./trainingData/image/_219_9060.jpg,./trainingData/mask/_219_9060.png
./trainingData/image/_26_1210.jpg,./trainingData/mask/_26_1210.png
./trainingData/image/_242_7243.jpg,./trainingData/mask/_242_7243.png
./trainingData/image/_204_2483.jpg,./trainingData/mask/_204_2483.png
./trainingData/image/_9_2540.jpg,./trainingData/mask/_9_2540.png
./trainingData/image/_151_7796.jpg,./trainingData/mask/_151_7796.png
./trainingData/image/_185_6966.jpg,./trainingData/mask/_185_6966.png
./trainingData/image/_58_7465.jpg,./trainingData/mask/_58_7465.png
./trainingData/image/_66_1996.jpg,./trainingData/mask/_66_1996.png
./trainingData/image/_76_9855.jpg,./trainingData/mask/_76_9855.png
./trainingData/image/_136_1164.jpg,./trainingData/mask/_136_1164.png
./trainingData/image/_20_1911.jpg,./trainingData/mask/_20_1911.png
./trainingData/image/_49_1334.jpg,./trainingData/mask/_49_1334.png
./trainingData/image/_35_8011.jpg,./trainingData/mask/_35_8011.png
./trainingData/image/_214_7458.jpg,./trainingData/mask/_214_7458.png
./trainingData/image/_161_8606.jpg,./trainingData/mask/_161_8606.png
./trainingData/image/_7_9476.jpg,./trainingData/mask/_7_9476.png
./trainingData/image/_125_2333.jpg,./trainingData/mask/_125_2333.png
./trainingData/image/_198_6647.jpg,./trainingData/mask/_198_6647.png
./trainingData/image/_190_7384.jpg,./trainingData/mask/_190_7384.png
./trainingData/image/_206_5809.jpg,./trainingData/mask/_206_5809.png
./trainingData/image/_167_7294.jpg,./trainingData/mask/_167_7294.png
./trainingData/image/_223_1217.jpg,./trainingData/mask/_223_1217.png
./trainingData/image/_120_6816.jpg,./trainingData/mask/_120_6816.png
./trainingData/image/_191_3147.jpg,./trainingData/mask/_191_3147.png
./trainingData/image/_121_6410.jpg,./trainingData/mask/_121_6410.png
./trainingData/image/_123_9802.jpg,./trainingData/mask/_123_9802.png
./trainingData/image/_142_1998.jpg,./trainingData/mask/_142_1998.png
./trainingData/image/_89_5758.jpg,./trainingData/mask/_89_5758.png
./trainingData/image/_230_4708.jpg,./trainingData/mask/_230_4708.png
./trainingData/image/_191_6165.jpg,./trainingData/mask/_191_6165.png
./trainingData/image/_157_3064.jpg,./trainingData/mask/_157_3064.png
./trainingData/image/_95_1338.jpg,./trainingData/mask/_95_1338.png
./trainingData/image/_179_9733.jpg,./trainingData/mask/_179_9733.png
./trainingData/image/_159_1977.jpg,./trainingData/mask/_159_1977.png
./trainingData/image/_187_9347.jpg,./trainingData/mask/_187_9347.png
./trainingData/image/_191_7795.jpg,./trainingData/mask/_191_7795.png
./trainingData/image/_67_3942.jpg,./trainingData/mask/_67_3942.png
./trainingData/image/_146_9350.jpg,./trainingData/mask/_146_9350.png
./trainingData/image/_17_7150.jpg,./trainingData/mask/_17_7150.png
./trainingData/image/_176_2523.jpg,./trainingData/mask/_176_2523.png
./trainingData/image/_172_8968.jpg,./trainingData/mask/_172_8968.png
./trainingData/image/_243_2258.jpg,./trainingData/mask/_243_2258.png
./trainingData/image/_28_4076.jpg,./trainingData/mask/_28_4076.png
./trainingData/image/_86_2948.jpg,./trainingData/mask/_86_2948.png
./trainingData/image/_155_7351.jpg,./trainingData/mask/_155_7351.png
./trainingData/image/_78_173.jpg,./trainingData/mask/_78_173.png
./trainingData/image/_192_7471.jpg,./trainingData/mask/_192_7471.png
./trainingData/image/_29_4918.jpg,./trainingData/mask/_29_4918.png
./trainingData/image/_222_3397.jpg,./trainingData/mask/_222_3397.png
./trainingData/image/_141_5186.jpg,./trainingData/mask/_141_5186.png
./trainingData/image/_168_5019.jpg,./trainingData/mask/_168_5019.png
./trainingData/image/_11_9101.jpg,./trainingData/mask/_11_9101.png
./trainingData/image/_50_2816.jpg,./trainingData/mask/_50_2816.png
./trainingData/image/_184_1665.jpg,./trainingData/mask/_184_1665.png
./trainingData/image/_82_5444.jpg,./trainingData/mask/_82_5444.png
./trainingData/image/_30_7164.jpg,./trainingData/mask/_30_7164.png
./trainingData/image/_147_51.jpg,./trainingData/mask/_147_51.png
./trainingData/image/_2_4650.jpg,./trainingData/mask/_2_4650.png
./trainingData/image/_163_2996.jpg,./trainingData/mask/_163_2996.png
./trainingData/image/_79_3850.jpg,./trainingData/mask/_79_3850.png
./trainingData/image/_109_3037.jpg,./trainingData/mask/_109_3037.png
./trainingData/image/_94_8192.jpg,./trainingData/mask/_94_8192.png
./trainingData/image/_140_957.jpg,./trainingData/mask/_140_957.png
./trainingData/image/_98_644.jpg,./trainingData/mask/_98_644.png
./trainingData/image/_61_3119.jpg,./trainingData/mask/_61_3119.png
./trainingData/image/_51_3522.jpg,./trainingData/mask/_51_3522.png
./trainingData/image/_101_5626.jpg,./trainingData/mask/_101_5626.png
./trainingData/image/_91_797.jpg,./trainingData/mask/_91_797.png
./trainingData/image/_249_9970.jpg,./trainingData/mask/_249_9970.png
./trainingData/image/_46_1619.jpg,./trainingData/mask/_46_1619.png
./trainingData/image/_84_1252.jpg,./trainingData/mask/_84_1252.png
./trainingData/image/_179_2195.jpg,./trainingData/mask/_179_2195.png
./trainingData/image/_66_3407.jpg,./trainingData/mask/_66_3407.png
./trainingData/image/_75_8712.jpg,./trainingData/mask/_75_8712.png
./trainingData/image/_126_8855.jpg,./trainingData/mask/_126_8855.png
./trainingData/image/_220_6417.jpg,./trainingData/mask/_220_6417.png
./trainingData/image/_76_7532.jpg,./trainingData/mask/_76_7532.png
./trainingData/image/_117_9670.jpg,./trainingData/mask/_117_9670.png
./trainingData/image/_83_7120.jpg,./trainingData/mask/_83_7120.png
./trainingData/image/_226_1544.jpg,./trainingData/mask/_226_1544.png
./trainingData/image/_91_7362.jpg,./trainingData/mask/_91_7362.png
./trainingData/image/_189_7574.jpg,./trainingData/mask/_189_7574.png
./trainingData/image/_197_4757.jpg,./trainingData/mask/_197_4757.png
./trainingData/image/_79_3911.jpg,./trainingData/mask/_79_3911.png
./trainingData/image/_121_1525.jpg,./trainingData/mask/_121_1525.png
./trainingData/image/_113_1711.jpg,./trainingData/mask/_113_1711.png
./trainingData/image/_148_5301.jpg,./trainingData/mask/_148_5301.png
./trainingData/image/_101_2606.jpg,./trainingData/mask/_101_2606.png
./trainingData/image/_63_293.jpg,./trainingData/mask/_63_293.png
./trainingData/image/_14_6884.jpg,./trainingData/mask/_14_6884.png
./trainingData/image/_78_400.jpg,./trainingData/mask/_78_400.png
./trainingData/image/_223_4651.jpg,./trainingData/mask/_223_4651.png
./trainingData/image/_8_4737.jpg,./trainingData/mask/_8_4737.png
./trainingData/image/_249_9723.jpg,./trainingData/mask/_249_9723.png
./trainingData/image/_217_2677.jpg,./trainingData/mask/_217_2677.png
./trainingData/image/_8_2920.jpg,./trainingData/mask/_8_2920.png
./trainingData/image/_40_9403.jpg,./trainingData/mask/_40_9403.png
./trainingData/image/_229_8268.jpg,./trainingData/mask/_229_8268.png
./trainingData/image/_57_8258.jpg,./trainingData/mask/_57_8258.png
./trainingData/image/_13_4607.jpg,./trainingData/mask/_13_4607.png
./trainingData/image/_164_1975.jpg,./trainingData/mask/_164_1975.png
./trainingData/image/_231_5522.jpg,./trainingData/mask/_231_5522.png
./trainingData/image/_44_4415.jpg,./trainingData/mask/_44_4415.png
./trainingData/image/_14_6297.jpg,./trainingData/mask/_14_6297.png
./trainingData/image/_69_1395.jpg,./trainingData/mask/_69_1395.png
./trainingData/image/_138_423.jpg,./trainingData/mask/_138_423.png
./trainingData/image/_178_5717.jpg,./trainingData/mask/_178_5717.png
./trainingData/image/_221_840.jpg,./trainingData/mask/_221_840.png
./trainingData/image/_193_7760.jpg,./trainingData/mask/_193_7760.png
./trainingData/image/_216_8391.jpg,./trainingData/mask/_216_8391.png
./trainingData/image/_59_9462.jpg,./trainingData/mask/_59_9462.png
./trainingData/image/_30_2420.jpg,./trainingData/mask/_30_2420.png
./trainingData/image/_172_2941.jpg,./trainingData/mask/_172_2941.png
./trainingData/image/_80_8175.jpg,./trainingData/mask/_80_8175.png
./trainingData/image/_108_1511.jpg,./trainingData/mask/_108_1511.png
./trainingData/image/_85_8303.jpg,./trainingData/mask/_85_8303.png
./trainingData/image/_103_4013.jpg,./trainingData/mask/_103_4013.png
./trainingData/image/_81_8361.jpg,./trainingData/mask/_81_8361.png
./trainingData/image/_6_4303.jpg,./trainingData/mask/_6_4303.png
./trainingData/image/_139_8050.jpg,./trainingData/mask/_139_8050.png
./trainingData/image/_205_8800.jpg,./trainingData/mask/_205_8800.png
./trainingData/image/_26_1904.jpg,./trainingData/mask/_26_1904.png
./trainingData/image/_147_8909.jpg,./trainingData/mask/_147_8909.png
./trainingData/image/_99_6062.jpg,./trainingData/mask/_99_6062.png
./trainingData/image/_176_8147.jpg,./trainingData/mask/_176_8147.png
./trainingData/image/_22_7327.jpg,./trainingData/mask/_22_7327.png
./trainingData/image/_135_5128.jpg,./trainingData/mask/_135_5128.png
./trainingData/image/_57_7173.jpg,./trainingData/mask/_57_7173.png
./trainingData/image/_170_8085.jpg,./trainingData/mask/_170_8085.png
./trainingData/image/_213_7365.jpg,./trainingData/mask/_213_7365.png
./trainingData/image/_133_3676.jpg,./trainingData/mask/_133_3676.png
./trainingData/image/_169_3405.jpg,./trainingData/mask/_169_3405.png
./trainingData/image/_110_4035.jpg,./trainingData/mask/_110_4035.png
./trainingData/image/_174_2530.jpg,./trainingData/mask/_174_2530.png
./trainingData/image/_168_197.jpg,./trainingData/mask/_168_197.png
./trainingData/image/_18_8853.jpg,./trainingData/mask/_18_8853.png
./trainingData/image/_246_8560.jpg,./trainingData/mask/_246_8560.png
./trainingData/image/_88_8624.jpg,./trainingData/mask/_88_8624.png
./trainingData/image/_155_9650.jpg,./trainingData/mask/_155_9650.png
./trainingData/image/_236_6195.jpg,./trainingData/mask/_236_6195.png
./trainingData/image/_4_7475.jpg,./trainingData/mask/_4_7475.png
./trainingData/image/_92_3231.jpg,./trainingData/mask/_92_3231.png
./trainingData/image/_64_7203.jpg,./trainingData/mask/_64_7203.png
./trainingData/image/_161_6213.jpg,./trainingData/mask/_161_6213.png
./trainingData/image/_64_9989.jpg,./trainingData/mask/_64_9989.png
./trainingData/image/_23_4103.jpg,./trainingData/mask/_23_4103.png
./trainingData/image/_129_6180.jpg,./trainingData/mask/_129_6180.png
./trainingData/image/_213_4018.jpg,./trainingData/mask/_213_4018.png
./trainingData/image/_85_2156.jpg,./trainingData/mask/_85_2156.png
./trainingData/image/_214_2550.jpg,./trainingData/mask/_214_2550.png
./trainingData/image/_23_3703.jpg,./trainingData/mask/_23_3703.png
./trainingData/image/_233_4114.jpg,./trainingData/mask/_233_4114.png
./trainingData/image/_138_6539.jpg,./trainingData/mask/_138_6539.png
./trainingData/image/_1_1581.jpg,./trainingData/mask/_1_1581.png
./trainingData/image/_98_5526.jpg,./trainingData/mask/_98_5526.png
./trainingData/image/_7_23.jpg,./trainingData/mask/_7_23.png
./trainingData/image/_232_7287.jpg,./trainingData/mask/_232_7287.png
./trainingData/image/_93_5069.jpg,./trainingData/mask/_93_5069.png
./trainingData/image/_134_1587.jpg,./trainingData/mask/_134_1587.png
./trainingData/image/_2_5395.jpg,./trainingData/mask/_2_5395.png
./trainingData/image/_127_8859.jpg,./trainingData/mask/_127_8859.png
./trainingData/image/_84_4016.jpg,./trainingData/mask/_84_4016.png
./trainingData/image/_73_7966.jpg,./trainingData/mask/_73_7966.png
./trainingData/image/_45_3482.jpg,./trainingData/mask/_45_3482.png
./trainingData/image/_4_8.jpg,./trainingData/mask/_4_8.png
./trainingData/image/_111_5054.jpg,./trainingData/mask/_111_5054.png
./trainingData/image/_130_2751.jpg,./trainingData/mask/_130_2751.png
./trainingData/image/_239_3465.jpg,./trainingData/mask/_239_3465.png
./trainingData/image/_185_8448.jpg,./trainingData/mask/_185_8448.png
./trainingData/image/_211_4867.jpg,./trainingData/mask/_211_4867.png
./trainingData/image/_34_9046.jpg,./trainingData/mask/_34_9046.png
./trainingData/image/_10_5068.jpg,./trainingData/mask/_10_5068.png
./trainingData/image/_128_8475.jpg,./trainingData/mask/_128_8475.png
./trainingData/image/_210_5001.jpg,./trainingData/mask/_210_5001.png
./trainingData/image/_15_4156.jpg,./trainingData/mask/_15_4156.png
./trainingData/image/_10_122.jpg,./trainingData/mask/_10_122.png
./trainingData/image/_149_3752.jpg,./trainingData/mask/_149_3752.png
./trainingData/image/_176_6427.jpg,./trainingData/mask/_176_6427.png
./trainingData/image/_137_4818.jpg,./trainingData/mask/_137_4818.png
./trainingData/image/_204_8322.jpg,./trainingData/mask/_204_8322.png
./trainingData/image/_244_1047.jpg,./trainingData/mask/_244_1047.png
./trainingData/image/_59_6311.jpg,./trainingData/mask/_59_6311.png
./trainingData/image/_110_1479.jpg,./trainingData/mask/_110_1479.png
./trainingData/image/_64_3399.jpg,./trainingData/mask/_64_3399.png
./trainingData/image/_92_3334.jpg,./trainingData/mask/_92_3334.png
./trainingData/image/_87_459.jpg,./trainingData/mask/_87_459.png
./trainingData/image/_0_1516.jpg,./trainingData/mask/_0_1516.png
./trainingData/image/_146_3389.jpg,./trainingData/mask/_146_3389.png
./trainingData/image/_203_730.jpg,./trainingData/mask/_203_730.png
./trainingData/image/_0_7094.jpg,./trainingData/mask/_0_7094.png
./trainingData/image/_16_8251.jpg,./trainingData/mask/_16_8251.png
./trainingData/image/_241_6942.jpg,./trainingData/mask/_241_6942.png
./trainingData/image/_177_5638.jpg,./trainingData/mask/_177_5638.png
./trainingData/image/_37_1468.jpg,./trainingData/mask/_37_1468.png
./trainingData/image/_235_4619.jpg,./trainingData/mask/_235_4619.png
./trainingData/image/_204_2382.jpg,./trainingData/mask/_204_2382.png
./trainingData/image/_230_2186.jpg,./trainingData/mask/_230_2186.png
./trainingData/image/_184_5160.jpg,./trainingData/mask/_184_5160.png
./trainingData/image/_61_8005.jpg,./trainingData/mask/_61_8005.png
./trainingData/image/_166_364.jpg,./trainingData/mask/_166_364.png
./trainingData/image/_69_6130.jpg,./trainingData/mask/_69_6130.png
./trainingData/image/_99_7299.jpg,./trainingData/mask/_99_7299.png
./trainingData/image/_53_5713.jpg,./trainingData/mask/_53_5713.png
./trainingData/image/_162_524.jpg,./trainingData/mask/_162_524.png
./trainingData/image/_243_2079.jpg,./trainingData/mask/_243_2079.png
./trainingData/image/_175_2426.jpg,./trainingData/mask/_175_2426.png
./trainingData/image/_46_6467.jpg,./trainingData/mask/_46_6467.png
./trainingData/image/_245_867.jpg,./trainingData/mask/_245_867.png
./trainingData/image/_232_4564.jpg,./trainingData/mask/_232_4564.png
./trainingData/image/_172_1943.jpg,./trainingData/mask/_172_1943.png
./trainingData/image/_241_3389.jpg,./trainingData/mask/_241_3389.png
./trainingData/image/_23_6430.jpg,./trainingData/mask/_23_6430.png
./trainingData/image/_26_4585.jpg,./trainingData/mask/_26_4585.png
./trainingData/image/_176_9535.jpg,./trainingData/mask/_176_9535.png
./trainingData/image/_248_8437.jpg,./trainingData/mask/_248_8437.png
./trainingData/image/_143_7739.jpg,./trainingData/mask/_143_7739.png
./trainingData/image/_11_9365.jpg,./trainingData/mask/_11_9365.png
./trainingData/image/_137_3264.jpg,./trainingData/mask/_137_3264.png
./trainingData/image/_180_4039.jpg,./trainingData/mask/_180_4039.png
./trainingData/image/_19_8966.jpg,./trainingData/mask/_19_8966.png
./trainingData/image/_188_7133.jpg,./trainingData/mask/_188_7133.png
./trainingData/image/_205_8890.jpg,./trainingData/mask/_205_8890.png
./trainingData/image/_45_4225.jpg,./trainingData/mask/_45_4225.png
./trainingData/image/_121_4444.jpg,./trainingData/mask/_121_4444.png
./trainingData/image/_174_2019.jpg,./trainingData/mask/_174_2019.png
./trainingData/image/_98_6002.jpg,./trainingData/mask/_98_6002.png
./trainingData/image/_229_8570.jpg,./trainingData/mask/_229_8570.png
./trainingData/image/_55_9478.jpg,./trainingData/mask/_55_9478.png
./trainingData/image/_66_7058.jpg,./trainingData/mask/_66_7058.png
./trainingData/image/_249_8775.jpg,./trainingData/mask/_249_8775.png
./trainingData/image/_233_1401.jpg,./trainingData/mask/_233_1401.png
./trainingData/image/_223_4510.jpg,./trainingData/mask/_223_4510.png
./trainingData/image/_8_6395.jpg,./trainingData/mask/_8_6395.png
./trainingData/image/_244_5451.jpg,./trainingData/mask/_244_5451.png
./trainingData/image/_172_5692.jpg,./trainingData/mask/_172_5692.png
./trainingData/image/_103_9614.jpg,./trainingData/mask/_103_9614.png
./trainingData/image/_114_8753.jpg,./trainingData/mask/_114_8753.png
./trainingData/image/_116_7038.jpg,./trainingData/mask/_116_7038.png
./trainingData/image/_86_5780.jpg,./trainingData/mask/_86_5780.png
./trainingData/image/_9_1410.jpg,./trainingData/mask/_9_1410.png
./trainingData/image/_87_6510.jpg,./trainingData/mask/_87_6510.png
./trainingData/image/_183_7392.jpg,./trainingData/mask/_183_7392.png
./trainingData/image/_229_2832.jpg,./trainingData/mask/_229_2832.png
./trainingData/image/_75_5185.jpg,./trainingData/mask/_75_5185.png
./trainingData/image/_247_3589.jpg,./trainingData/mask/_247_3589.png
./trainingData/image/_33_8843.jpg,./trainingData/mask/_33_8843.png
./trainingData/image/_224_146.jpg,./trainingData/mask/_224_146.png
./trainingData/image/_42_3973.jpg,./trainingData/mask/_42_3973.png
./trainingData/image/_142_4406.jpg,./trainingData/mask/_142_4406.png
./trainingData/image/_25_6105.jpg,./trainingData/mask/_25_6105.png
./trainingData/image/_111_5168.jpg,./trainingData/mask/_111_5168.png
./trainingData/image/_25_9216.jpg,./trainingData/mask/_25_9216.png
./trainingData/image/_55_422.jpg,./trainingData/mask/_55_422.png
./trainingData/image/_138_4608.jpg,./trainingData/mask/_138_4608.png
./trainingData/image/_106_3380.jpg,./trainingData/mask/_106_3380.png
./trainingData/image/_53_8496.jpg,./trainingData/mask/_53_8496.png
./trainingData/image/_179_9691.jpg,./trainingData/mask/_179_9691.png
./trainingData/image/_118_9963.jpg,./trainingData/mask/_118_9963.png
./trainingData/image/_79_1666.jpg,./trainingData/mask/_79_1666.png
./trainingData/image/_149_6688.jpg,./trainingData/mask/_149_6688.png
./trainingData/image/_236_4230.jpg,./trainingData/mask/_236_4230.png
./trainingData/image/_117_7635.jpg,./trainingData/mask/_117_7635.png
./trainingData/image/_63_7231.jpg,./trainingData/mask/_63_7231.png
./trainingData/image/_46_5025.jpg,./trainingData/mask/_46_5025.png
./trainingData/image/_190_9256.jpg,./trainingData/mask/_190_9256.png
./trainingData/image/_216_858.jpg,./trainingData/mask/_216_858.png
./trainingData/image/_42_1409.jpg,./trainingData/mask/_42_1409.png
./trainingData/image/_121_6901.jpg,./trainingData/mask/_121_6901.png
./trainingData/image/_181_1327.jpg,./trainingData/mask/_181_1327.png
./trainingData/image/_75_502.jpg,./trainingData/mask/_75_502.png
./trainingData/image/_211_1207.jpg,./trainingData/mask/_211_1207.png
./trainingData/image/_83_3659.jpg,./trainingData/mask/_83_3659.png
./trainingData/image/_34_993.jpg,./trainingData/mask/_34_993.png
./trainingData/image/_169_9467.jpg,./trainingData/mask/_169_9467.png
./trainingData/image/_40_1486.jpg,./trainingData/mask/_40_1486.png
./trainingData/image/_173_4925.jpg,./trainingData/mask/_173_4925.png
./trainingData/image/_113_5029.jpg,./trainingData/mask/_113_5029.png
./trainingData/image/_178_4643.jpg,./trainingData/mask/_178_4643.png
./trainingData/image/_134_4474.jpg,./trainingData/mask/_134_4474.png
./trainingData/image/_127_2016.jpg,./trainingData/mask/_127_2016.png
./trainingData/image/_124_8319.jpg,./trainingData/mask/_124_8319.png
./trainingData/image/_214_4815.jpg,./trainingData/mask/_214_4815.png
./trainingData/image/_235_5313.jpg,./trainingData/mask/_235_5313.png
./trainingData/image/_151_4308.jpg,./trainingData/mask/_151_4308.png
./trainingData/image/_127_5650.jpg,./trainingData/mask/_127_5650.png
./trainingData/image/_117_1445.jpg,./trainingData/mask/_117_1445.png
./trainingData/image/_29_9378.jpg,./trainingData/mask/_29_9378.png
./trainingData/image/_224_4979.jpg,./trainingData/mask/_224_4979.png
./trainingData/image/_151_9140.jpg,./trainingData/mask/_151_9140.png
./trainingData/image/_108_8814.jpg,./trainingData/mask/_108_8814.png
./trainingData/image/_106_771.jpg,./trainingData/mask/_106_771.png
./trainingData/image/_206_7430.jpg,./trainingData/mask/_206_7430.png
./trainingData/image/_237_8521.jpg,./trainingData/mask/_237_8521.png
./trainingData/image/_187_3556.jpg,./trainingData/mask/_187_3556.png
./trainingData/image/_40_3227.jpg,./trainingData/mask/_40_3227.png
./trainingData/image/_115_4041.jpg,./trainingData/mask/_115_4041.png
./trainingData/image/_48_4919.jpg,./trainingData/mask/_48_4919.png
./trainingData/image/_102_5461.jpg,./trainingData/mask/_102_5461.png
./trainingData/image/_215_1252.jpg,./trainingData/mask/_215_1252.png
./trainingData/image/_248_7438.jpg,./trainingData/mask/_248_7438.png
./trainingData/image/_177_2231.jpg,./trainingData/mask/_177_2231.png
./trainingData/image/_231_8551.jpg,./trainingData/mask/_231_8551.png
./trainingData/image/_247_6706.jpg,./trainingData/mask/_247_6706.png
./trainingData/image/_146_4134.jpg,./trainingData/mask/_146_4134.png
./trainingData/image/_220_8173.jpg,./trainingData/mask/_220_8173.png
./trainingData/image/_48_7586.jpg,./trainingData/mask/_48_7586.png
./trainingData/image/_214_857.jpg,./trainingData/mask/_214_857.png
./trainingData/image/_140_5755.jpg,./trainingData/mask/_140_5755.png
./trainingData/image/_56_4195.jpg,./trainingData/mask/_56_4195.png
./trainingData/image/_89_7799.jpg,./trainingData/mask/_89_7799.png
./trainingData/image/_185_7956.jpg,./trainingData/mask/_185_7956.png
./trainingData/image/_125_6074.jpg,./trainingData/mask/_125_6074.png
./trainingData/image/_150_7366.jpg,./trainingData/mask/_150_7366.png
./trainingData/image/_187_9691.jpg,./trainingData/mask/_187_9691.png
./trainingData/image/_57_6795.jpg,./trainingData/mask/_57_6795.png
./trainingData/image/_112_6682.jpg,./trainingData/mask/_112_6682.png
./trainingData/image/_80_5910.jpg,./trainingData/mask/_80_5910.png
./trainingData/image/_129_8587.jpg,./trainingData/mask/_129_8587.png
./trainingData/image/_188_3390.jpg,./trainingData/mask/_188_3390.png
./trainingData/image/_73_7105.jpg,./trainingData/mask/_73_7105.png
./trainingData/image/_202_7272.jpg,./trainingData/mask/_202_7272.png
./trainingData/image/_151_3979.jpg,./trainingData/mask/_151_3979.png
./trainingData/image/_236_6474.jpg,./trainingData/mask/_236_6474.png
./trainingData/image/_26_9465.jpg,./trainingData/mask/_26_9465.png
./trainingData/image/_246_8783.jpg,./trainingData/mask/_246_8783.png
./trainingData/image/_59_5011.jpg,./trainingData/mask/_59_5011.png
./trainingData/image/_32_5978.jpg,./trainingData/mask/_32_5978.png
./trainingData/image/_54_5337.jpg,./trainingData/mask/_54_5337.png
./trainingData/image/_31_4301.jpg,./trainingData/mask/_31_4301.png
./trainingData/image/_163_9363.jpg,./trainingData/mask/_163_9363.png
./trainingData/image/_247_1922.jpg,./trainingData/mask/_247_1922.png
./trainingData/image/_195_7703.jpg,./trainingData/mask/_195_7703.png
./trainingData/image/_95_9028.jpg,./trainingData/mask/_95_9028.png
./trainingData/image/_137_2348.jpg,./trainingData/mask/_137_2348.png
./trainingData/image/_171_4519.jpg,./trainingData/mask/_171_4519.png
./trainingData/image/_47_7569.jpg,./trainingData/mask/_47_7569.png
./trainingData/image/_171_3506.jpg,./trainingData/mask/_171_3506.png
./trainingData/image/_244_3702.jpg,./trainingData/mask/_244_3702.png
./trainingData/image/_164_4171.jpg,./trainingData/mask/_164_4171.png
./trainingData/image/_3_8882.jpg,./trainingData/mask/_3_8882.png
./trainingData/image/_174_7361.jpg,./trainingData/mask/_174_7361.png
./trainingData/image/_199_6436.jpg,./trainingData/mask/_199_6436.png
./trainingData/image/_243_2321.jpg,./trainingData/mask/_243_2321.png
./trainingData/image/_147_5826.jpg,./trainingData/mask/_147_5826.png
./trainingData/image/_244_5784.jpg,./trainingData/mask/_244_5784.png
./trainingData/image/_31_7777.jpg,./trainingData/mask/_31_7777.png
./trainingData/image/_71_3762.jpg,./trainingData/mask/_71_3762.png
./trainingData/image/_228_1152.jpg,./trainingData/mask/_228_1152.png
./trainingData/image/_133_7466.jpg,./trainingData/mask/_133_7466.png
./trainingData/image/_54_1471.jpg,./trainingData/mask/_54_1471.png
./trainingData/image/_245_8543.jpg,./trainingData/mask/_245_8543.png
./trainingData/image/_138_4831.jpg,./trainingData/mask/_138_4831.png
./trainingData/image/_150_8890.jpg,./trainingData/mask/_150_8890.png
./trainingData/image/_168_5146.jpg,./trainingData/mask/_168_5146.png
./trainingData/image/_140_5521.jpg,./trainingData/mask/_140_5521.png
./trainingData/image/_30_5295.jpg,./trainingData/mask/_30_5295.png
./trainingData/image/_166_9462.jpg,./trainingData/mask/_166_9462.png
./trainingData/image/_169_9195.jpg,./trainingData/mask/_169_9195.png
./trainingData/image/_103_961.jpg,./trainingData/mask/_103_961.png
./trainingData/image/_194_9868.jpg,./trainingData/mask/_194_9868.png
./trainingData/image/_117_7538.jpg,./trainingData/mask/_117_7538.png
./trainingData/image/_31_3706.jpg,./trainingData/mask/_31_3706.png
./trainingData/image/_22_2690.jpg,./trainingData/mask/_22_2690.png
./trainingData/image/_86_3653.jpg,./trainingData/mask/_86_3653.png
./trainingData/image/_21_8755.jpg,./trainingData/mask/_21_8755.png
./trainingData/image/_0_3569.jpg,./trainingData/mask/_0_3569.png
./trainingData/image/_13_3648.jpg,./trainingData/mask/_13_3648.png
./trainingData/image/_24_8029.jpg,./trainingData/mask/_24_8029.png
./trainingData/image/_24_4777.jpg,./trainingData/mask/_24_4777.png
./trainingData/image/_138_8583.jpg,./trainingData/mask/_138_8583.png
./trainingData/image/_177_5287.jpg,./trainingData/mask/_177_5287.png
./trainingData/image/_181_8898.jpg,./trainingData/mask/_181_8898.png
./trainingData/image/_76_3122.jpg,./trainingData/mask/_76_3122.png
./trainingData/image/_115_4386.jpg,./trainingData/mask/_115_4386.png
./trainingData/image/_123_9190.jpg,./trainingData/mask/_123_9190.png
./trainingData/image/_156_2508.jpg,./trainingData/mask/_156_2508.png
./trainingData/image/_126_4401.jpg,./trainingData/mask/_126_4401.png
./trainingData/image/_107_3320.jpg,./trainingData/mask/_107_3320.png
./trainingData/image/_144_3321.jpg,./trainingData/mask/_144_3321.png
./trainingData/image/_215_9374.jpg,./trainingData/mask/_215_9374.png
./trainingData/image/_22_5318.jpg,./trainingData/mask/_22_5318.png
./trainingData/image/_240_8790.jpg,./trainingData/mask/_240_8790.png
./trainingData/image/_76_7071.jpg,./trainingData/mask/_76_7071.png
./trainingData/image/_10_9608.jpg,./trainingData/mask/_10_9608.png
./trainingData/image/_80_6098.jpg,./trainingData/mask/_80_6098.png
./trainingData/image/_19_2881.jpg,./trainingData/mask/_19_2881.png
./trainingData/image/_146_7852.jpg,./trainingData/mask/_146_7852.png
./trainingData/image/_185_7429.jpg,./trainingData/mask/_185_7429.png
./trainingData/image/_105_1560.jpg,./trainingData/mask/_105_1560.png
./trainingData/image/_158_6940.jpg,./trainingData/mask/_158_6940.png
./trainingData/image/_111_3655.jpg,./trainingData/mask/_111_3655.png
./trainingData/image/_95_527.jpg,./trainingData/mask/_95_527.png
./trainingData/image/_216_5146.jpg,./trainingData/mask/_216_5146.png
./trainingData/image/_170_8028.jpg,./trainingData/mask/_170_8028.png
./trainingData/image/_59_9349.jpg,./trainingData/mask/_59_9349.png
./trainingData/image/_165_9138.jpg,./trainingData/mask/_165_9138.png
./trainingData/image/_182_455.jpg,./trainingData/mask/_182_455.png
./trainingData/image/_115_4860.jpg,./trainingData/mask/_115_4860.png
./trainingData/image/_245_7181.jpg,./trainingData/mask/_245_7181.png
./trainingData/image/_38_9777.jpg,./trainingData/mask/_38_9777.png
./trainingData/image/_64_7454.jpg,./trainingData/mask/_64_7454.png
./trainingData/image/_119_7069.jpg,./trainingData/mask/_119_7069.png
./trainingData/image/_171_8255.jpg,./trainingData/mask/_171_8255.png
./trainingData/image/_243_9544.jpg,./trainingData/mask/_243_9544.png
./trainingData/image/_95_7616.jpg,./trainingData/mask/_95_7616.png
./trainingData/image/_17_357.jpg,./trainingData/mask/_17_357.png
./trainingData/image/_15_9230.jpg,./trainingData/mask/_15_9230.png
./trainingData/image/_33_7684.jpg,./trainingData/mask/_33_7684.png
./trainingData/image/_82_8272.jpg,./trainingData/mask/_82_8272.png
./trainingData/image/_183_4078.jpg,./trainingData/mask/_183_4078.png
./trainingData/image/_19_7662.jpg,./trainingData/mask/_19_7662.png
./trainingData/image/_176_5862.jpg,./trainingData/mask/_176_5862.png
./trainingData/image/_46_983.jpg,./trainingData/mask/_46_983.png
./trainingData/image/_233_9162.jpg,./trainingData/mask/_233_9162.png
./trainingData/image/_213_3955.jpg,./trainingData/mask/_213_3955.png
./trainingData/image/_204_4552.jpg,./trainingData/mask/_204_4552.png
./trainingData/image/_39_1506.jpg,./trainingData/mask/_39_1506.png
./trainingData/image/_208_3709.jpg,./trainingData/mask/_208_3709.png
./trainingData/image/_212_4139.jpg,./trainingData/mask/_212_4139.png
./trainingData/image/_39_1129.jpg,./trainingData/mask/_39_1129.png
./trainingData/image/_195_5031.jpg,./trainingData/mask/_195_5031.png
./trainingData/image/_145_1152.jpg,./trainingData/mask/_145_1152.png
./trainingData/image/_202_4058.jpg,./trainingData/mask/_202_4058.png
./trainingData/image/_41_2535.jpg,./trainingData/mask/_41_2535.png
./trainingData/image/_122_9521.jpg,./trainingData/mask/_122_9521.png
./trainingData/image/_155_8773.jpg,./trainingData/mask/_155_8773.png
./trainingData/image/_123_3087.jpg,./trainingData/mask/_123_3087.png
./trainingData/image/_49_5118.jpg,./trainingData/mask/_49_5118.png
./trainingData/image/_167_3469.jpg,./trainingData/mask/_167_3469.png
./trainingData/image/_110_5758.jpg,./trainingData/mask/_110_5758.png
./trainingData/image/_175_1018.jpg,./trainingData/mask/_175_1018.png
./trainingData/image/_57_8113.jpg,./trainingData/mask/_57_8113.png
./trainingData/image/_165_5982.jpg,./trainingData/mask/_165_5982.png
./trainingData/image/_91_7914.jpg,./trainingData/mask/_91_7914.png
./trainingData/image/_40_6718.jpg,./trainingData/mask/_40_6718.png
./trainingData/image/_35_4345.jpg,./trainingData/mask/_35_4345.png
./trainingData/image/_152_516.jpg,./trainingData/mask/_152_516.png
./trainingData/image/_196_4502.jpg,./trainingData/mask/_196_4502.png
./trainingData/image/_170_6533.jpg,./trainingData/mask/_170_6533.png
./trainingData/image/_62_2738.jpg,./trainingData/mask/_62_2738.png
./trainingData/image/_210_7577.jpg,./trainingData/mask/_210_7577.png
./trainingData/image/_104_24.jpg,./trainingData/mask/_104_24.png
./trainingData/image/_227_8845.jpg,./trainingData/mask/_227_8845.png
./trainingData/image/_2_8131.jpg,./trainingData/mask/_2_8131.png
./trainingData/image/_180_919.jpg,./trainingData/mask/_180_919.png
./trainingData/image/_75_6970.jpg,./trainingData/mask/_75_6970.png
./trainingData/image/_221_728.jpg,./trainingData/mask/_221_728.png
./trainingData/image/_78_9622.jpg,./trainingData/mask/_78_9622.png
./trainingData/image/_68_3107.jpg,./trainingData/mask/_68_3107.png
./trainingData/image/_171_2971.jpg,./trainingData/mask/_171_2971.png
./trainingData/image/_219_1443.jpg,./trainingData/mask/_219_1443.png
./trainingData/image/_244_8535.jpg,./trainingData/mask/_244_8535.png
./trainingData/image/_91_7999.jpg,./trainingData/mask/_91_7999.png
./trainingData/image/_187_8060.jpg,./trainingData/mask/_187_8060.png
./trainingData/image/_114_1467.jpg,./trainingData/mask/_114_1467.png
./trainingData/image/_240_2796.jpg,./trainingData/mask/_240_2796.png
./trainingData/image/_1_8750.jpg,./trainingData/mask/_1_8750.png
./trainingData/image/_32_2690.jpg,./trainingData/mask/_32_2690.png
./trainingData/image/_184_3918.jpg,./trainingData/mask/_184_3918.png
./trainingData/image/_151_3946.jpg,./trainingData/mask/_151_3946.png
./trainingData/image/_29_6397.jpg,./trainingData/mask/_29_6397.png
./trainingData/image/_1_3557.jpg,./trainingData/mask/_1_3557.png
./trainingData/image/_85_9441.jpg,./trainingData/mask/_85_9441.png
./trainingData/image/_131_5483.jpg,./trainingData/mask/_131_5483.png
./trainingData/image/_76_1101.jpg,./trainingData/mask/_76_1101.png
./trainingData/image/_201_293.jpg,./trainingData/mask/_201_293.png
./trainingData/image/_106_4458.jpg,./trainingData/mask/_106_4458.png
./trainingData/image/_68_2554.jpg,./trainingData/mask/_68_2554.png
./trainingData/image/_241_4092.jpg,./trainingData/mask/_241_4092.png
./trainingData/image/_229_8627.jpg,./trainingData/mask/_229_8627.png
./trainingData/image/_234_9959.jpg,./trainingData/mask/_234_9959.png
./trainingData/image/_67_1198.jpg,./trainingData/mask/_67_1198.png
./trainingData/image/_166_4314.jpg,./trainingData/mask/_166_4314.png
./trainingData/image/_55_6025.jpg,./trainingData/mask/_55_6025.png
./trainingData/image/_80_1682.jpg,./trainingData/mask/_80_1682.png
./trainingData/image/_122_6157.jpg,./trainingData/mask/_122_6157.png
./trainingData/image/_230_2126.jpg,./trainingData/mask/_230_2126.png
./trainingData/image/_210_3365.jpg,./trainingData/mask/_210_3365.png
./trainingData/image/_3_207.jpg,./trainingData/mask/_3_207.png
./trainingData/image/_7_7631.jpg,./trainingData/mask/_7_7631.png
./trainingData/image/_145_3816.jpg,./trainingData/mask/_145_3816.png
./trainingData/image/_109_9528.jpg,./trainingData/mask/_109_9528.png
./trainingData/image/_51_8724.jpg,./trainingData/mask/_51_8724.png
./trainingData/image/_98_159.jpg,./trainingData/mask/_98_159.png
./trainingData/image/_234_3527.jpg,./trainingData/mask/_234_3527.png
./trainingData/image/_40_2765.jpg,./trainingData/mask/_40_2765.png
./trainingData/image/_70_8053.jpg,./trainingData/mask/_70_8053.png
./trainingData/image/_194_9749.jpg,./trainingData/mask/_194_9749.png
./trainingData/image/_34_1025.jpg,./trainingData/mask/_34_1025.png
./trainingData/image/_161_1769.jpg,./trainingData/mask/_161_1769.png
./trainingData/image/_77_2260.jpg,./trainingData/mask/_77_2260.png
./trainingData/image/_2_674.jpg,./trainingData/mask/_2_674.png
./trainingData/image/_96_158.jpg,./trainingData/mask/_96_158.png
./trainingData/image/_184_1910.jpg,./trainingData/mask/_184_1910.png
./trainingData/image/_62_9541.jpg,./trainingData/mask/_62_9541.png
./trainingData/image/_24_6490.jpg,./trainingData/mask/_24_6490.png
./trainingData/image/_57_905.jpg,./trainingData/mask/_57_905.png
./trainingData/image/_210_8947.jpg,./trainingData/mask/_210_8947.png
./trainingData/image/_52_7595.jpg,./trainingData/mask/_52_7595.png
./trainingData/image/_100_2724.jpg,./trainingData/mask/_100_2724.png
./trainingData/image/_94_859.jpg,./trainingData/mask/_94_859.png
./trainingData/image/_104_1837.jpg,./trainingData/mask/_104_1837.png
./trainingData/image/_166_4354.jpg,./trainingData/mask/_166_4354.png
./trainingData/image/_103_6975.jpg,./trainingData/mask/_103_6975.png
./trainingData/image/_62_6924.jpg,./trainingData/mask/_62_6924.png
./trainingData/image/_193_2591.jpg,./trainingData/mask/_193_2591.png
./trainingData/image/_203_7254.jpg,./trainingData/mask/_203_7254.png
./trainingData/image/_103_8757.jpg,./trainingData/mask/_103_8757.png
./trainingData/image/_141_1970.jpg,./trainingData/mask/_141_1970.png
./trainingData/image/_158_4038.jpg,./trainingData/mask/_158_4038.png
./trainingData/image/_106_7966.jpg,./trainingData/mask/_106_7966.png
./trainingData/image/_161_4153.jpg,./trainingData/mask/_161_4153.png
./trainingData/image/_199_8904.jpg,./trainingData/mask/_199_8904.png
./trainingData/image/_90_2093.jpg,./trainingData/mask/_90_2093.png
./trainingData/image/_26_8230.jpg,./trainingData/mask/_26_8230.png
./trainingData/image/_109_9984.jpg,./trainingData/mask/_109_9984.png
./trainingData/image/_233_6300.jpg,./trainingData/mask/_233_6300.png
./trainingData/image/_149_883.jpg,./trainingData/mask/_149_883.png
./trainingData/image/_210_2226.jpg,./trainingData/mask/_210_2226.png
./trainingData/image/_231_5232.jpg,./trainingData/mask/_231_5232.png
./trainingData/image/_143_2789.jpg,./trainingData/mask/_143_2789.png
./trainingData/image/_200_3024.jpg,./trainingData/mask/_200_3024.png
./trainingData/image/_245_9718.jpg,./trainingData/mask/_245_9718.png
./trainingData/image/_221_5939.jpg,./trainingData/mask/_221_5939.png
./trainingData/image/_238_3611.jpg,./trainingData/mask/_238_3611.png
./trainingData/image/_190_7340.jpg,./trainingData/mask/_190_7340.png
./trainingData/image/_142_3336.jpg,./trainingData/mask/_142_3336.png
./trainingData/image/_17_291.jpg,./trainingData/mask/_17_291.png
./trainingData/image/_209_5283.jpg,./trainingData/mask/_209_5283.png
./trainingData/image/_196_828.jpg,./trainingData/mask/_196_828.png
./trainingData/image/_188_7874.jpg,./trainingData/mask/_188_7874.png
./trainingData/image/_28_9113.jpg,./trainingData/mask/_28_9113.png
./trainingData/image/_136_6517.jpg,./trainingData/mask/_136_6517.png
./trainingData/image/_237_3181.jpg,./trainingData/mask/_237_3181.png
./trainingData/image/_51_7709.jpg,./trainingData/mask/_51_7709.png
./trainingData/image/_158_8038.jpg,./trainingData/mask/_158_8038.png
./trainingData/image/_17_5079.jpg,./trainingData/mask/_17_5079.png
./trainingData/image/_195_2539.jpg,./trainingData/mask/_195_2539.png
./trainingData/image/_206_3363.jpg,./trainingData/mask/_206_3363.png
./trainingData/image/_180_1783.jpg,./trainingData/mask/_180_1783.png
./trainingData/image/_224_12.jpg,./trainingData/mask/_224_12.png
./trainingData/image/_13_2444.jpg,./trainingData/mask/_13_2444.png
./trainingData/image/_238_8839.jpg,./trainingData/mask/_238_8839.png
./trainingData/image/_15_621.jpg,./trainingData/mask/_15_621.png
./trainingData/image/_180_7804.jpg,./trainingData/mask/_180_7804.png
./trainingData/image/_81_2842.jpg,./trainingData/mask/_81_2842.png
./trainingData/image/_97_5431.jpg,./trainingData/mask/_97_5431.png
./trainingData/image/_209_6890.jpg,./trainingData/mask/_209_6890.png
./trainingData/image/_107_9059.jpg,./trainingData/mask/_107_9059.png
./trainingData/image/_142_9284.jpg,./trainingData/mask/_142_9284.png
./trainingData/image/_151_2867.jpg,./trainingData/mask/_151_2867.png
./trainingData/image/_108_5439.jpg,./trainingData/mask/_108_5439.png
./trainingData/image/_156_8994.jpg,./trainingData/mask/_156_8994.png
./trainingData/image/_12_4386.jpg,./trainingData/mask/_12_4386.png
./trainingData/image/_163_7114.jpg,./trainingData/mask/_163_7114.png
./trainingData/image/_140_8912.jpg,./trainingData/mask/_140_8912.png
./trainingData/image/_127_6206.jpg,./trainingData/mask/_127_6206.png
./trainingData/image/_77_7478.jpg,./trainingData/mask/_77_7478.png
./trainingData/image/_11_198.jpg,./trainingData/mask/_11_198.png
./trainingData/image/_54_1331.jpg,./trainingData/mask/_54_1331.png
./trainingData/image/_18_6350.jpg,./trainingData/mask/_18_6350.png
./trainingData/image/_47_6563.jpg,./trainingData/mask/_47_6563.png
./trainingData/image/_108_6665.jpg,./trainingData/mask/_108_6665.png
./trainingData/image/_44_5673.jpg,./trainingData/mask/_44_5673.png
./trainingData/image/_10_5349.jpg,./trainingData/mask/_10_5349.png
./trainingData/image/_100_1551.jpg,./trainingData/mask/_100_1551.png
./trainingData/image/_246_5069.jpg,./trainingData/mask/_246_5069.png
./trainingData/image/_206_8694.jpg,./trainingData/mask/_206_8694.png
./trainingData/image/_49_1640.jpg,./trainingData/mask/_49_1640.png
./trainingData/image/_144_451.jpg,./trainingData/mask/_144_451.png
./trainingData/image/_63_9985.jpg,./trainingData/mask/_63_9985.png
./trainingData/image/_175_8669.jpg,./trainingData/mask/_175_8669.png
./trainingData/image/_29_9463.jpg,./trainingData/mask/_29_9463.png
./trainingData/image/_141_8795.jpg,./trainingData/mask/_141_8795.png
./trainingData/image/_53_522.jpg,./trainingData/mask/_53_522.png
./trainingData/image/_42_8321.jpg,./trainingData/mask/_42_8321.png
./trainingData/image/_211_6513.jpg,./trainingData/mask/_211_6513.png
./trainingData/image/_186_8066.jpg,./trainingData/mask/_186_8066.png
./trainingData/image/_112_4000.jpg,./trainingData/mask/_112_4000.png
./trainingData/image/_62_3729.jpg,./trainingData/mask/_62_3729.png
./trainingData/image/_90_9023.jpg,./trainingData/mask/_90_9023.png
./trainingData/image/_123_9016.jpg,./trainingData/mask/_123_9016.png
./trainingData/image/_0_4015.jpg,./trainingData/mask/_0_4015.png
./trainingData/image/_53_9972.jpg,./trainingData/mask/_53_9972.png
./trainingData/image/_153_8585.jpg,./trainingData/mask/_153_8585.png
./trainingData/image/_93_271.jpg,./trainingData/mask/_93_271.png
./trainingData/image/_12_2734.jpg,./trainingData/mask/_12_2734.png
./trainingData/image/_208_3436.jpg,./trainingData/mask/_208_3436.png
./trainingData/image/_100_2333.jpg,./trainingData/mask/_100_2333.png
./trainingData/image/_155_366.jpg,./trainingData/mask/_155_366.png
./trainingData/image/_51_1468.jpg,./trainingData/mask/_51_1468.png
./trainingData/image/_94_2541.jpg,./trainingData/mask/_94_2541.png
./trainingData/image/_197_8351.jpg,./trainingData/mask/_197_8351.png
./trainingData/image/_16_6896.jpg,./trainingData/mask/_16_6896.png
./trainingData/image/_66_7153.jpg,./trainingData/mask/_66_7153.png
./trainingData/image/_173_8356.jpg,./trainingData/mask/_173_8356.png
./trainingData/image/_141_6148.jpg,./trainingData/mask/_141_6148.png
./trainingData/image/_248_7201.jpg,./trainingData/mask/_248_7201.png
./trainingData/image/_47_8792.jpg,./trainingData/mask/_47_8792.png
./trainingData/image/_18_1347.jpg,./trainingData/mask/_18_1347.png
./trainingData/image/_140_7373.jpg,./trainingData/mask/_140_7373.png
./trainingData/image/_222_6925.jpg,./trainingData/mask/_222_6925.png
./trainingData/image/_142_4661.jpg,./trainingData/mask/_142_4661.png
./trainingData/image/_153_8215.jpg,./trainingData/mask/_153_8215.png
./trainingData/image/_225_2730.jpg,./trainingData/mask/_225_2730.png
./trainingData/image/_200_8621.jpg,./trainingData/mask/_200_8621.png
./trainingData/image/_10_9704.jpg,./trainingData/mask/_10_9704.png
./trainingData/image/_123_8040.jpg,./trainingData/mask/_123_8040.png
./trainingData/image/_226_3391.jpg,./trainingData/mask/_226_3391.png
./trainingData/image/_146_5622.jpg,./trainingData/mask/_146_5622.png
./trainingData/image/_116_4754.jpg,./trainingData/mask/_116_4754.png
./trainingData/image/_194_1327.jpg,./trainingData/mask/_194_1327.png
./trainingData/image/_242_1412.jpg,./trainingData/mask/_242_1412.png
./trainingData/image/_126_8807.jpg,./trainingData/mask/_126_8807.png
./trainingData/image/_117_8852.jpg,./trainingData/mask/_117_8852.png
./trainingData/image/_223_1755.jpg,./trainingData/mask/_223_1755.png
./trainingData/image/_22_7133.jpg,./trainingData/mask/_22_7133.png
./trainingData/image/_209_4866.jpg,./trainingData/mask/_209_4866.png
./trainingData/image/_195_8038.jpg,./trainingData/mask/_195_8038.png
./trainingData/image/_97_551.jpg,./trainingData/mask/_97_551.png
./trainingData/image/_181_8654.jpg,./trainingData/mask/_181_8654.png
./trainingData/image/_37_7193.jpg,./trainingData/mask/_37_7193.png
./trainingData/image/_176_6030.jpg,./trainingData/mask/_176_6030.png
./trainingData/image/_9_6204.jpg,./trainingData/mask/_9_6204.png
./trainingData/image/_205_2423.jpg,./trainingData/mask/_205_2423.png
./trainingData/image/_217_1087.jpg,./trainingData/mask/_217_1087.png
./trainingData/image/_53_1933.jpg,./trainingData/mask/_53_1933.png
./trainingData/image/_157_8637.jpg,./trainingData/mask/_157_8637.png
./trainingData/image/_32_4234.jpg,./trainingData/mask/_32_4234.png
./trainingData/image/_76_5927.jpg,./trainingData/mask/_76_5927.png
./trainingData/image/_100_5177.jpg,./trainingData/mask/_100_5177.png
./trainingData/image/_80_1677.jpg,./trainingData/mask/_80_1677.png
./trainingData/image/_192_1944.jpg,./trainingData/mask/_192_1944.png
./trainingData/image/_39_2230.jpg,./trainingData/mask/_39_2230.png
./trainingData/image/_189_6631.jpg,./trainingData/mask/_189_6631.png
./trainingData/image/_92_2251.jpg,./trainingData/mask/_92_2251.png
./trainingData/image/_19_8070.jpg,./trainingData/mask/_19_8070.png
./trainingData/image/_110_1020.jpg,./trainingData/mask/_110_1020.png
./trainingData/image/_44_2467.jpg,./trainingData/mask/_44_2467.png
./trainingData/image/_124_252.jpg,./trainingData/mask/_124_252.png
./trainingData/image/_80_5905.jpg,./trainingData/mask/_80_5905.png
./trainingData/image/_248_435.jpg,./trainingData/mask/_248_435.png
./trainingData/image/_125_2205.jpg,./trainingData/mask/_125_2205.png
./trainingData/image/_21_6092.jpg,./trainingData/mask/_21_6092.png
./trainingData/image/_189_1696.jpg,./trainingData/mask/_189_1696.png
./trainingData/image/_159_7916.jpg,./trainingData/mask/_159_7916.png
./trainingData/image/_223_5477.jpg,./trainingData/mask/_223_5477.png
./trainingData/image/_131_6548.jpg,./trainingData/mask/_131_6548.png
./trainingData/image/_42_8124.jpg,./trainingData/mask/_42_8124.png
./trainingData/image/_162_4655.jpg,./trainingData/mask/_162_4655.png
./trainingData/image/_130_1687.jpg,./trainingData/mask/_130_1687.png
./trainingData/image/_20_6484.jpg,./trainingData/mask/_20_6484.png
./trainingData/image/_208_1966.jpg,./trainingData/mask/_208_1966.png
./trainingData/image/_133_9516.jpg,./trainingData/mask/_133_9516.png
./trainingData/image/_218_4269.jpg,./trainingData/mask/_218_4269.png
./trainingData/image/_240_5231.jpg,./trainingData/mask/_240_5231.png
./trainingData/image/_181_806.jpg,./trainingData/mask/_181_806.png
./trainingData/image/_85_2200.jpg,./trainingData/mask/_85_2200.png
./trainingData/image/_5_3168.jpg,./trainingData/mask/_5_3168.png
./trainingData/image/_134_8414.jpg,./trainingData/mask/_134_8414.png
./trainingData/image/_39_1335.jpg,./trainingData/mask/_39_1335.png
./trainingData/image/_207_3680.jpg,./trainingData/mask/_207_3680.png
./trainingData/image/_97_1097.jpg,./trainingData/mask/_97_1097.png
./trainingData/image/_131_946.jpg,./trainingData/mask/_131_946.png
./trainingData/image/_161_7085.jpg,./trainingData/mask/_161_7085.png
./trainingData/image/_65_3098.jpg,./trainingData/mask/_65_3098.png
./trainingData/image/_14_191.jpg,./trainingData/mask/_14_191.png
./trainingData/image/_42_9880.jpg,./trainingData/mask/_42_9880.png
./trainingData/image/_187_7573.jpg,./trainingData/mask/_187_7573.png
./trainingData/image/_161_4005.jpg,./trainingData/mask/_161_4005.png
./trainingData/image/_161_1717.jpg,./trainingData/mask/_161_1717.png
./trainingData/image/_150_9347.jpg,./trainingData/mask/_150_9347.png
./trainingData/image/_4_9296.jpg,./trainingData/mask/_4_9296.png
./trainingData/image/_219_5766.jpg,./trainingData/mask/_219_5766.png
./trainingData/image/_202_5691.jpg,./trainingData/mask/_202_5691.png
./trainingData/image/_101_2522.jpg,./trainingData/mask/_101_2522.png
./trainingData/image/_124_4570.jpg,./trainingData/mask/_124_4570.png
./trainingData/image/_157_3608.jpg,./trainingData/mask/_157_3608.png
./trainingData/image/_102_6132.jpg,./trainingData/mask/_102_6132.png
./trainingData/image/_128_9618.jpg,./trainingData/mask/_128_9618.png
./trainingData/image/_247_543.jpg,./trainingData/mask/_247_543.png
./trainingData/image/_128_6168.jpg,./trainingData/mask/_128_6168.png
./trainingData/image/_63_7164.jpg,./trainingData/mask/_63_7164.png
./trainingData/image/_179_8621.jpg,./trainingData/mask/_179_8621.png
./trainingData/image/_214_7241.jpg,./trainingData/mask/_214_7241.png
./trainingData/image/_181_9724.jpg,./trainingData/mask/_181_9724.png
./trainingData/image/_99_7750.jpg,./trainingData/mask/_99_7750.png
./trainingData/image/_180_7060.jpg,./trainingData/mask/_180_7060.png
./trainingData/image/_133_2923.jpg,./trainingData/mask/_133_2923.png
./trainingData/image/_72_9980.jpg,./trainingData/mask/_72_9980.png
./trainingData/image/_39_9699.jpg,./trainingData/mask/_39_9699.png
./trainingData/image/_104_8273.jpg,./trainingData/mask/_104_8273.png
./trainingData/image/_18_316.jpg,./trainingData/mask/_18_316.png
./trainingData/image/_61_5108.jpg,./trainingData/mask/_61_5108.png
./trainingData/image/_196_3138.jpg,./trainingData/mask/_196_3138.png
./trainingData/image/_232_8107.jpg,./trainingData/mask/_232_8107.png
./trainingData/image/_165_9120.jpg,./trainingData/mask/_165_9120.png
./trainingData/image/_73_8020.jpg,./trainingData/mask/_73_8020.png
./trainingData/image/_93_5239.jpg,./trainingData/mask/_93_5239.png
./trainingData/image/_91_7737.jpg,./trainingData/mask/_91_7737.png
./trainingData/image/_136_3065.jpg,./trainingData/mask/_136_3065.png
./trainingData/image/_102_1409.jpg,./trainingData/mask/_102_1409.png
./trainingData/image/_236_4863.jpg,./trainingData/mask/_236_4863.png
./trainingData/image/_198_7315.jpg,./trainingData/mask/_198_7315.png
./trainingData/image/_52_7835.jpg,./trainingData/mask/_52_7835.png
./trainingData/image/_94_8268.jpg,./trainingData/mask/_94_8268.png
./trainingData/image/_62_231.jpg,./trainingData/mask/_62_231.png
./trainingData/image/_42_466.jpg,./trainingData/mask/_42_466.png
./trainingData/image/_39_9495.jpg,./trainingData/mask/_39_9495.png
./trainingData/image/_174_910.jpg,./trainingData/mask/_174_910.png
./trainingData/image/_69_4427.jpg,./trainingData/mask/_69_4427.png
./trainingData/image/_9_7823.jpg,./trainingData/mask/_9_7823.png
./trainingData/image/_30_4936.jpg,./trainingData/mask/_30_4936.png
./trainingData/image/_111_6349.jpg,./trainingData/mask/_111_6349.png
./trainingData/image/_208_34.jpg,./trainingData/mask/_208_34.png
./trainingData/image/_94_2427.jpg,./trainingData/mask/_94_2427.png
./trainingData/image/_68_2643.jpg,./trainingData/mask/_68_2643.png
./trainingData/image/_237_5890.jpg,./trainingData/mask/_237_5890.png
./trainingData/image/_102_6813.jpg,./trainingData/mask/_102_6813.png
./trainingData/image/_128_513.jpg,./trainingData/mask/_128_513.png
./trainingData/image/_106_5033.jpg,./trainingData/mask/_106_5033.png
./trainingData/image/_188_9052.jpg,./trainingData/mask/_188_9052.png
./trainingData/image/_126_8725.jpg,./trainingData/mask/_126_8725.png
./trainingData/image/_10_1882.jpg,./trainingData/mask/_10_1882.png
./trainingData/image/_54_5407.jpg,./trainingData/mask/_54_5407.png
./trainingData/image/_75_1956.jpg,./trainingData/mask/_75_1956.png
./trainingData/image/_87_6146.jpg,./trainingData/mask/_87_6146.png
./trainingData/image/_181_4113.jpg,./trainingData/mask/_181_4113.png
./trainingData/image/_139_4510.jpg,./trainingData/mask/_139_4510.png
./trainingData/image/_65_7350.jpg,./trainingData/mask/_65_7350.png
./trainingData/image/_146_1166.jpg,./trainingData/mask/_146_1166.png
./trainingData/image/_67_8993.jpg,./trainingData/mask/_67_8993.png
./trainingData/image/_107_6681.jpg,./trainingData/mask/_107_6681.png
./trainingData/image/_130_3204.jpg,./trainingData/mask/_130_3204.png
./trainingData/image/_197_8494.jpg,./trainingData/mask/_197_8494.png
./trainingData/image/_71_2628.jpg,./trainingData/mask/_71_2628.png
./trainingData/image/_165_1783.jpg,./trainingData/mask/_165_1783.png
./trainingData/image/_157_2832.jpg,./trainingData/mask/_157_2832.png
./trainingData/image/_50_5955.jpg,./trainingData/mask/_50_5955.png
./trainingData/image/_103_7027.jpg,./trainingData/mask/_103_7027.png
./trainingData/image/_96_8305.jpg,./trainingData/mask/_96_8305.png
./trainingData/image/_183_942.jpg,./trainingData/mask/_183_942.png
./trainingData/image/_78_7437.jpg,./trainingData/mask/_78_7437.png
./trainingData/image/_225_4357.jpg,./trainingData/mask/_225_4357.png
./trainingData/image/_4_7922.jpg,./trainingData/mask/_4_7922.png
./trainingData/image/_26_4513.jpg,./trainingData/mask/_26_4513.png
./trainingData/image/_20_1175.jpg,./trainingData/mask/_20_1175.png
./trainingData/image/_46_7060.jpg,./trainingData/mask/_46_7060.png
./trainingData/image/_9_9805.jpg,./trainingData/mask/_9_9805.png
./trainingData/image/_214_9848.jpg,./trainingData/mask/_214_9848.png
./trainingData/image/_75_8753.jpg,./trainingData/mask/_75_8753.png
./trainingData/image/_240_3221.jpg,./trainingData/mask/_240_3221.png
./trainingData/image/_36_7342.jpg,./trainingData/mask/_36_7342.png
./trainingData/image/_143_1197.jpg,./trainingData/mask/_143_1197.png
./trainingData/image/_128_9734.jpg,./trainingData/mask/_128_9734.png
./trainingData/image/_103_7143.jpg,./trainingData/mask/_103_7143.png
./trainingData/image/_48_2409.jpg,./trainingData/mask/_48_2409.png
./trainingData/image/_211_1783.jpg,./trainingData/mask/_211_1783.png
./trainingData/image/_92_6939.jpg,./trainingData/mask/_92_6939.png
./trainingData/image/_55_1302.jpg,./trainingData/mask/_55_1302.png
./trainingData/image/_21_4344.jpg,./trainingData/mask/_21_4344.png
./trainingData/image/_17_9823.jpg,./trainingData/mask/_17_9823.png
./trainingData/image/_136_9953.jpg,./trainingData/mask/_136_9953.png
./trainingData/image/_197_5118.jpg,./trainingData/mask/_197_5118.png
./trainingData/image/_38_1783.jpg,./trainingData/mask/_38_1783.png
./trainingData/image/_86_8788.jpg,./trainingData/mask/_86_8788.png
./trainingData/image/_152_4363.jpg,./trainingData/mask/_152_4363.png
./trainingData/image/_16_4910.jpg,./trainingData/mask/_16_4910.png
./trainingData/image/_76_9874.jpg,./trainingData/mask/_76_9874.png
./trainingData/image/_151_7658.jpg,./trainingData/mask/_151_7658.png
./trainingData/image/_69_5210.jpg,./trainingData/mask/_69_5210.png
./trainingData/image/_82_6871.jpg,./trainingData/mask/_82_6871.png
./trainingData/image/_13_1769.jpg,./trainingData/mask/_13_1769.png
./trainingData/image/_215_6999.jpg,./trainingData/mask/_215_6999.png
./trainingData/image/_199_4165.jpg,./trainingData/mask/_199_4165.png
./trainingData/image/_131_245.jpg,./trainingData/mask/_131_245.png
./trainingData/image/_197_4062.jpg,./trainingData/mask/_197_4062.png
./trainingData/image/_9_4106.jpg,./trainingData/mask/_9_4106.png
./trainingData/image/_134_8981.jpg,./trainingData/mask/_134_8981.png
./trainingData/image/_198_4309.jpg,./trainingData/mask/_198_4309.png
./trainingData/image/_84_5655.jpg,./trainingData/mask/_84_5655.png
./trainingData/image/_96_4519.jpg,./trainingData/mask/_96_4519.png
./trainingData/image/_241_4671.jpg,./trainingData/mask/_241_4671.png
./trainingData/image/_159_5791.jpg,./trainingData/mask/_159_5791.png
./trainingData/image/_154_1075.jpg,./trainingData/mask/_154_1075.png
./trainingData/image/_249_6654.jpg,./trainingData/mask/_249_6654.png
./trainingData/image/_198_3093.jpg,./trainingData/mask/_198_3093.png
./trainingData/image/_191_8900.jpg,./trainingData/mask/_191_8900.png
./trainingData/image/_194_9353.jpg,./trainingData/mask/_194_9353.png
./trainingData/image/_68_4125.jpg,./trainingData/mask/_68_4125.png
./trainingData/image/_22_1422.jpg,./trainingData/mask/_22_1422.png
./trainingData/image/_81_3367.jpg,./trainingData/mask/_81_3367.png
./trainingData/image/_144_7274.jpg,./trainingData/mask/_144_7274.png
./trainingData/image/_222_8187.jpg,./trainingData/mask/_222_8187.png
./trainingData/image/_133_285.jpg,./trainingData/mask/_133_285.png
./trainingData/image/_174_8018.jpg,./trainingData/mask/_174_8018.png
./trainingData/image/_50_6785.jpg,./trainingData/mask/_50_6785.png
./trainingData/image/_3_1782.jpg,./trainingData/mask/_3_1782.png
./trainingData/image/_67_8754.jpg,./trainingData/mask/_67_8754.png
./trainingData/image/_239_5844.jpg,./trainingData/mask/_239_5844.png
./trainingData/image/_24_5465.jpg,./trainingData/mask/_24_5465.png
./trainingData/image/_126_1768.jpg,./trainingData/mask/_126_1768.png
./trainingData/image/_242_1707.jpg,./trainingData/mask/_242_1707.png
./trainingData/image/_35_2256.jpg,./trainingData/mask/_35_2256.png
./trainingData/image/_138_5914.jpg,./trainingData/mask/_138_5914.png
./trainingData/image/_134_6301.jpg,./trainingData/mask/_134_6301.png
./trainingData/image/_30_9220.jpg,./trainingData/mask/_30_9220.png
./trainingData/image/_67_2030.jpg,./trainingData/mask/_67_2030.png
./trainingData/image/_178_1727.jpg,./trainingData/mask/_178_1727.png
./trainingData/image/_56_5457.jpg,./trainingData/mask/_56_5457.png
./trainingData/image/_236_627.jpg,./trainingData/mask/_236_627.png
./trainingData/image/_93_5426.jpg,./trainingData/mask/_93_5426.png
./trainingData/image/_116_7347.jpg,./trainingData/mask/_116_7347.png
./trainingData/image/_61_6474.jpg,./trainingData/mask/_61_6474.png
./trainingData/image/_41_6231.jpg,./trainingData/mask/_41_6231.png
./trainingData/image/_66_5445.jpg,./trainingData/mask/_66_5445.png
./trainingData/image/_182_7434.jpg,./trainingData/mask/_182_7434.png
./trainingData/image/_13_9318.jpg,./trainingData/mask/_13_9318.png
./trainingData/image/_201_563.jpg,./trainingData/mask/_201_563.png
./trainingData/image/_45_3614.jpg,./trainingData/mask/_45_3614.png
./trainingData/image/_212_7039.jpg,./trainingData/mask/_212_7039.png
./trainingData/image/_196_802.jpg,./trainingData/mask/_196_802.png
./trainingData/image/_185_4021.jpg,./trainingData/mask/_185_4021.png
./trainingData/image/_11_4860.jpg,./trainingData/mask/_11_4860.png
./trainingData/image/_153_6941.jpg,./trainingData/mask/_153_6941.png
./trainingData/image/_170_1553.jpg,./trainingData/mask/_170_1553.png
./trainingData/image/_182_3658.jpg,./trainingData/mask/_182_3658.png
./trainingData/image/_196_6894.jpg,./trainingData/mask/_196_6894.png
./trainingData/image/_213_4623.jpg,./trainingData/mask/_213_4623.png
./trainingData/image/_25_9797.jpg,./trainingData/mask/_25_9797.png
./trainingData/image/_227_3796.jpg,./trainingData/mask/_227_3796.png
./trainingData/image/_34_8675.jpg,./trainingData/mask/_34_8675.png
./trainingData/image/_190_3662.jpg,./trainingData/mask/_190_3662.png
./trainingData/image/_1_8112.jpg,./trainingData/mask/_1_8112.png
./trainingData/image/_118_8821.jpg,./trainingData/mask/_118_8821.png
./trainingData/image/_115_2909.jpg,./trainingData/mask/_115_2909.png
./trainingData/image/_112_5206.jpg,./trainingData/mask/_112_5206.png
./trainingData/image/_4_8255.jpg,./trainingData/mask/_4_8255.png
./trainingData/image/_116_1379.jpg,./trainingData/mask/_116_1379.png
./trainingData/image/_39_5695.jpg,./trainingData/mask/_39_5695.png
./trainingData/image/_231_2587.jpg,./trainingData/mask/_231_2587.png
./trainingData/image/_136_5945.jpg,./trainingData/mask/_136_5945.png
./trainingData/image/_48_2448.jpg,./trainingData/mask/_48_2448.png
./trainingData/image/_18_2239.jpg,./trainingData/mask/_18_2239.png
./trainingData/image/_226_2706.jpg,./trainingData/mask/_226_2706.png
./trainingData/image/_33_9942.jpg,./trainingData/mask/_33_9942.png
./trainingData/image/_227_3589.jpg,./trainingData/mask/_227_3589.png
./trainingData/image/_126_9354.jpg,./trainingData/mask/_126_9354.png
./trainingData/image/_188_6436.jpg,./trainingData/mask/_188_6436.png
./trainingData/image/_79_3321.jpg,./trainingData/mask/_79_3321.png
./trainingData/image/_208_5174.jpg,./trainingData/mask/_208_5174.png
./trainingData/image/_98_1460.jpg,./trainingData/mask/_98_1460.png
./trainingData/image/_89_3756.jpg,./trainingData/mask/_89_3756.png
./trainingData/image/_17_2034.jpg,./trainingData/mask/_17_2034.png
./trainingData/image/_229_6659.jpg,./trainingData/mask/_229_6659.png
./trainingData/image/_128_1496.jpg,./trainingData/mask/_128_1496.png
./trainingData/image/_7_2260.jpg,./trainingData/mask/_7_2260.png
./trainingData/image/_232_3603.jpg,./trainingData/mask/_232_3603.png
./trainingData/image/_154_9538.jpg,./trainingData/mask/_154_9538.png
./trainingData/image/_183_971.jpg,./trainingData/mask/_183_971.png
./trainingData/image/_219_5037.jpg,./trainingData/mask/_219_5037.png
./trainingData/image/_83_5119.jpg,./trainingData/mask/_83_5119.png
./trainingData/image/_203_532.jpg,./trainingData/mask/_203_532.png
./trainingData/image/_196_2797.jpg,./trainingData/mask/_196_2797.png
./trainingData/image/_119_9298.jpg,./trainingData/mask/_119_9298.png
./trainingData/image/_115_5253.jpg,./trainingData/mask/_115_5253.png
./trainingData/image/_239_2099.jpg,./trainingData/mask/_239_2099.png
./trainingData/image/_132_8416.jpg,./trainingData/mask/_132_8416.png
./trainingData/image/_15_9460.jpg,./trainingData/mask/_15_9460.png
./trainingData/image/_248_850.jpg,./trainingData/mask/_248_850.png
./trainingData/image/_15_4765.jpg,./trainingData/mask/_15_4765.png
./trainingData/image/_92_1662.jpg,./trainingData/mask/_92_1662.png
./trainingData/image/_136_5417.jpg,./trainingData/mask/_136_5417.png
./trainingData/image/_147_5266.jpg,./trainingData/mask/_147_5266.png
./trainingData/image/_114_3336.jpg,./trainingData/mask/_114_3336.png
./trainingData/image/_96_1597.jpg,./trainingData/mask/_96_1597.png
./trainingData/image/_234_2528.jpg,./trainingData/mask/_234_2528.png
./trainingData/image/_178_1880.jpg,./trainingData/mask/_178_1880.png
./trainingData/image/_202_6411.jpg,./trainingData/mask/_202_6411.png
./trainingData/image/_237_2121.jpg,./trainingData/mask/_237_2121.png
./trainingData/image/_158_4065.jpg,./trainingData/mask/_158_4065.png
./trainingData/image/_218_7243.jpg,./trainingData/mask/_218_7243.png
./trainingData/image/_2_2717.jpg,./trainingData/mask/_2_2717.png
./trainingData/image/_79_174.jpg,./trainingData/mask/_79_174.png
./trainingData/image/_41_3113.jpg,./trainingData/mask/_41_3113.png
./trainingData/image/_20_770.jpg,./trainingData/mask/_20_770.png
./trainingData/image/_127_2669.jpg,./trainingData/mask/_127_2669.png
./trainingData/image/_221_6479.jpg,./trainingData/mask/_221_6479.png
./trainingData/image/_189_2252.jpg,./trainingData/mask/_189_2252.png
./trainingData/image/_144_2642.jpg,./trainingData/mask/_144_2642.png
./trainingData/image/_155_7235.jpg,./trainingData/mask/_155_7235.png
./trainingData/image/_224_7648.jpg,./trainingData/mask/_224_7648.png
./trainingData/image/_178_6817.jpg,./trainingData/mask/_178_6817.png
./trainingData/image/_94_7354.jpg,./trainingData/mask/_94_7354.png
./trainingData/image/_19_5910.jpg,./trainingData/mask/_19_5910.png
./trainingData/image/_25_9548.jpg,./trainingData/mask/_25_9548.png
./trainingData/image/_200_6506.jpg,./trainingData/mask/_200_6506.png
./trainingData/image/_7_5625.jpg,./trainingData/mask/_7_5625.png
./trainingData/image/_156_611.jpg,./trainingData/mask/_156_611.png
./trainingData/image/_135_762.jpg,./trainingData/mask/_135_762.png
./trainingData/image/_182_1648.jpg,./trainingData/mask/_182_1648.png
./trainingData/image/_164_9032.jpg,./trainingData/mask/_164_9032.png
./trainingData/image/_226_13.jpg,./trainingData/mask/_226_13.png
./trainingData/image/_82_7083.jpg,./trainingData/mask/_82_7083.png
./trainingData/image/_105_2638.jpg,./trainingData/mask/_105_2638.png
./trainingData/image/_56_7459.jpg,./trainingData/mask/_56_7459.png
./trainingData/image/_139_1982.jpg,./trainingData/mask/_139_1982.png
./trainingData/image/_12_2007.jpg,./trainingData/mask/_12_2007.png
./trainingData/image/_109_7802.jpg,./trainingData/mask/_109_7802.png
./trainingData/image/_163_8103.jpg,./trainingData/mask/_163_8103.png
./trainingData/image/_123_9700.jpg,./trainingData/mask/_123_9700.png
./trainingData/image/_112_6485.jpg,./trainingData/mask/_112_6485.png
./trainingData/image/_27_6712.jpg,./trainingData/mask/_27_6712.png
./trainingData/image/_196_2291.jpg,./trainingData/mask/_196_2291.png
./trainingData/image/_38_7911.jpg,./trainingData/mask/_38_7911.png
./trainingData/image/_240_8248.jpg,./trainingData/mask/_240_8248.png
./trainingData/image/_234_5147.jpg,./trainingData/mask/_234_5147.png
./trainingData/image/_210_5916.jpg,./trainingData/mask/_210_5916.png
./trainingData/image/_225_646.jpg,./trainingData/mask/_225_646.png
./trainingData/image/_205_4970.jpg,./trainingData/mask/_205_4970.png
./trainingData/image/_75_6355.jpg,./trainingData/mask/_75_6355.png
./trainingData/image/_56_3066.jpg,./trainingData/mask/_56_3066.png
./trainingData/image/_8_9549.jpg,./trainingData/mask/_8_9549.png
./trainingData/image/_101_5330.jpg,./trainingData/mask/_101_5330.png
./trainingData/image/_73_79.jpg,./trainingData/mask/_73_79.png
./trainingData/image/_36_3919.jpg,./trainingData/mask/_36_3919.png
./trainingData/image/_67_8452.jpg,./trainingData/mask/_67_8452.png
./trainingData/image/_149_7301.jpg,./trainingData/mask/_149_7301.png
./trainingData/image/_115_5268.jpg,./trainingData/mask/_115_5268.png
./trainingData/image/_150_6969.jpg,./trainingData/mask/_150_6969.png
./trainingData/image/_220_9004.jpg,./trainingData/mask/_220_9004.png
./trainingData/image/_54_4761.jpg,./trainingData/mask/_54_4761.png
./trainingData/image/_20_3305.jpg,./trainingData/mask/_20_3305.png
./trainingData/image/_190_7759.jpg,./trainingData/mask/_190_7759.png
./trainingData/image/_119_9664.jpg,./trainingData/mask/_119_9664.png
./trainingData/image/_232_4322.jpg,./trainingData/mask/_232_4322.png
./trainingData/image/_90_4677.jpg,./trainingData/mask/_90_4677.png
./trainingData/image/_125_4187.jpg,./trainingData/mask/_125_4187.png
./trainingData/image/_173_7474.jpg,./trainingData/mask/_173_7474.png
./trainingData/image/_160_329.jpg,./trainingData/mask/_160_329.png
./trainingData/image/_222_7221.jpg,./trainingData/mask/_222_7221.png
./trainingData/image/_148_4546.jpg,./trainingData/mask/_148_4546.png
./trainingData/image/_48_9519.jpg,./trainingData/mask/_48_9519.png
./trainingData/image/_37_4767.jpg,./trainingData/mask/_37_4767.png
./trainingData/image/_240_5301.jpg,./trainingData/mask/_240_5301.png
./trainingData/image/_0_5626.jpg,./trainingData/mask/_0_5626.png
./trainingData/image/_140_8672.jpg,./trainingData/mask/_140_8672.png
./trainingData/image/_160_3012.jpg,./trainingData/mask/_160_3012.png
./trainingData/image/_212_5261.jpg,./trainingData/mask/_212_5261.png
./trainingData/image/_88_3408.jpg,./trainingData/mask/_88_3408.png
./trainingData/image/_131_1915.jpg,./trainingData/mask/_131_1915.png
./trainingData/image/_145_8596.jpg,./trainingData/mask/_145_8596.png
./trainingData/image/_40_8390.jpg,./trainingData/mask/_40_8390.png
./trainingData/image/_134_4012.jpg,./trainingData/mask/_134_4012.png
./trainingData/image/_166_5019.jpg,./trainingData/mask/_166_5019.png
./trainingData/image/_27_1152.jpg,./trainingData/mask/_27_1152.png
./trainingData/image/_21_985.jpg,./trainingData/mask/_21_985.png
./trainingData/image/_234_2588.jpg,./trainingData/mask/_234_2588.png
./trainingData/image/_201_3598.jpg,./trainingData/mask/_201_3598.png
./trainingData/image/_217_955.jpg,./trainingData/mask/_217_955.png
./trainingData/image/_157_6475.jpg,./trainingData/mask/_157_6475.png
./trainingData/image/_10_8476.jpg,./trainingData/mask/_10_8476.png
./trainingData/image/_45_7644.jpg,./trainingData/mask/_45_7644.png
./trainingData/image/_120_392.jpg,./trainingData/mask/_120_392.png
./trainingData/image/_13_7118.jpg,./trainingData/mask/_13_7118.png
./trainingData/image/_108_369.jpg,./trainingData/mask/_108_369.png
./trainingData/image/_214_156.jpg,./trainingData/mask/_214_156.png
./trainingData/image/_204_9545.jpg,./trainingData/mask/_204_9545.png
./trainingData/image/_27_4063.jpg,./trainingData/mask/_27_4063.png
./trainingData/image/_12_9115.jpg,./trainingData/mask/_12_9115.png
./trainingData/image/_23_8069.jpg,./trainingData/mask/_23_8069.png
./trainingData/image/_32_8248.jpg,./trainingData/mask/_32_8248.png
./trainingData/image/_11_6876.jpg,./trainingData/mask/_11_6876.png
./trainingData/image/_120_5930.jpg,./trainingData/mask/_120_5930.png
./trainingData/image/_36_7523.jpg,./trainingData/mask/_36_7523.png
./trainingData/image/_8_5872.jpg,./trainingData/mask/_8_5872.png
./trainingData/image/_74_5552.jpg,./trainingData/mask/_74_5552.png
./trainingData/image/_33_7676.jpg,./trainingData/mask/_33_7676.png
./trainingData/image/_186_6001.jpg,./trainingData/mask/_186_6001.png
./trainingData/image/_191_4680.jpg,./trainingData/mask/_191_4680.png
./trainingData/image/_197_5556.jpg,./trainingData/mask/_197_5556.png
./trainingData/image/_212_565.jpg,./trainingData/mask/_212_565.png
./trainingData/image/_228_5396.jpg,./trainingData/mask/_228_5396.png
./trainingData/image/_96_3425.jpg,./trainingData/mask/_96_3425.png
./trainingData/image/_60_5476.jpg,./trainingData/mask/_60_5476.png
./trainingData/image/_110_7379.jpg,./trainingData/mask/_110_7379.png
./trainingData/image/_200_7228.jpg,./trainingData/mask/_200_7228.png
./trainingData/image/_236_5694.jpg,./trainingData/mask/_236_5694.png
./trainingData/image/_29_8481.jpg,./trainingData/mask/_29_8481.png
./trainingData/image/_143_866.jpg,./trainingData/mask/_143_866.png
./trainingData/image/_237_4542.jpg,./trainingData/mask/_237_4542.png
./trainingData/image/_91_8032.jpg,./trainingData/mask/_91_8032.png
./trainingData/image/_177_2079.jpg,./trainingData/mask/_177_2079.png
./trainingData/image/_160_7390.jpg,./trainingData/mask/_160_7390.png
./trainingData/image/_15_3128.jpg,./trainingData/mask/_15_3128.png
./trainingData/image/_77_8477.jpg,./trainingData/mask/_77_8477.png
./trainingData/image/_61_8349.jpg,./trainingData/mask/_61_8349.png
./trainingData/image/_139_6576.jpg,./trainingData/mask/_139_6576.png
./trainingData/image/_164_6318.jpg,./trainingData/mask/_164_6318.png
./trainingData/image/_105_5553.jpg,./trainingData/mask/_105_5553.png
./trainingData/image/_70_3882.jpg,./trainingData/mask/_70_3882.png
./trainingData/image/_54_8444.jpg,./trainingData/mask/_54_8444.png
./trainingData/image/_236_3312.jpg,./trainingData/mask/_236_3312.png
./trainingData/image/_234_5727.jpg,./trainingData/mask/_234_5727.png
./trainingData/image/_49_3141.jpg,./trainingData/mask/_49_3141.png
./trainingData/image/_60_4964.jpg,./trainingData/mask/_60_4964.png
./trainingData/image/_190_6373.jpg,./trainingData/mask/_190_6373.png
./trainingData/image/_189_4354.jpg,./trainingData/mask/_189_4354.png
./trainingData/image/_43_4213.jpg,./trainingData/mask/_43_4213.png
./trainingData/image/_41_9592.jpg,./trainingData/mask/_41_9592.png
./trainingData/image/_246_5540.jpg,./trainingData/mask/_246_5540.png
./trainingData/image/_35_7930.jpg,./trainingData/mask/_35_7930.png
./trainingData/image/_41_1362.jpg,./trainingData/mask/_41_1362.png
./trainingData/image/_119_3334.jpg,./trainingData/mask/_119_3334.png
./trainingData/image/_237_6565.jpg,./trainingData/mask/_237_6565.png
./trainingData/image/_1_8815.jpg,./trainingData/mask/_1_8815.png
./trainingData/image/_157_6488.jpg,./trainingData/mask/_157_6488.png
./trainingData/image/_31_9890.jpg,./trainingData/mask/_31_9890.png
./trainingData/image/_52_1423.jpg,./trainingData/mask/_52_1423.png
./trainingData/image/_173_7139.jpg,./trainingData/mask/_173_7139.png
./trainingData/image/_125_685.jpg,./trainingData/mask/_125_685.png
./trainingData/image/_230_2406.jpg,./trainingData/mask/_230_2406.png
./trainingData/image/_159_7932.jpg,./trainingData/mask/_159_7932.png
./trainingData/image/_70_2477.jpg,./trainingData/mask/_70_2477.png
./trainingData/image/_44_735.jpg,./trainingData/mask/_44_735.png
./trainingData/image/_14_8714.jpg,./trainingData/mask/_14_8714.png
./trainingData/image/_192_8816.jpg,./trainingData/mask/_192_8816.png
./trainingData/image/_247_389.jpg,./trainingData/mask/_247_389.png
./trainingData/image/_34_5618.jpg,./trainingData/mask/_34_5618.png
./trainingData/image/_139_6988.jpg,./trainingData/mask/_139_6988.png
./trainingData/image/_81_6840.jpg,./trainingData/mask/_81_6840.png
./trainingData/image/_232_5304.jpg,./trainingData/mask/_232_5304.png
./trainingData/image/_229_6421.jpg,./trainingData/mask/_229_6421.png
./trainingData/image/_155_9440.jpg,./trainingData/mask/_155_9440.png
./trainingData/image/_32_7394.jpg,./trainingData/mask/_32_7394.png
./trainingData/image/_28_648.jpg,./trainingData/mask/_28_648.png
./trainingData/image/_238_9398.jpg,./trainingData/mask/_238_9398.png
./trainingData/image/_215_2588.jpg,./trainingData/mask/_215_2588.png
./trainingData/image/_194_6650.jpg,./trainingData/mask/_194_6650.png
./trainingData/image/_110_9887.jpg,./trainingData/mask/_110_9887.png
./trainingData/image/_83_2434.jpg,./trainingData/mask/_83_2434.png
./trainingData/image/_226_3189.jpg,./trainingData/mask/_226_3189.png
./trainingData/image/_99_9337.jpg,./trainingData/mask/_99_9337.png
./trainingData/image/_153_1314.jpg,./trainingData/mask/_153_1314.png
./trainingData/image/_95_3950.jpg,./trainingData/mask/_95_3950.png
./trainingData/image/_102_7775.jpg,./trainingData/mask/_102_7775.png
./trainingData/image/_65_415.jpg,./trainingData/mask/_65_415.png
./trainingData/image/_224_3156.jpg,./trainingData/mask/_224_3156.png
./trainingData/image/_192_2873.jpg,./trainingData/mask/_192_2873.png
./trainingData/image/_93_7892.jpg,./trainingData/mask/_93_7892.png
./trainingData/image/_38_5639.jpg,./trainingData/mask/_38_5639.png
./trainingData/image/_32_3175.jpg,./trainingData/mask/_32_3175.png
./trainingData/image/_26_3019.jpg,./trainingData/mask/_26_3019.png
./trainingData/image/_22_2872.jpg,./trainingData/mask/_22_2872.png
./trainingData/image/_231_5937.jpg,./trainingData/mask/_231_5937.png
./trainingData/image/_140_7927.jpg,./trainingData/mask/_140_7927.png
./trainingData/image/_43_9125.jpg,./trainingData/mask/_43_9125.png
./trainingData/image/_61_3973.jpg,./trainingData/mask/_61_3973.png
./trainingData/image/_34_7239.jpg,./trainingData/mask/_34_7239.png
./trainingData/image/_129_3941.jpg,./trainingData/mask/_129_3941.png
./trainingData/image/_104_3193.jpg,./trainingData/mask/_104_3193.png
./trainingData/image/_227_3375.jpg,./trainingData/mask/_227_3375.png
./trainingData/image/_15_7772.jpg,./trainingData/mask/_15_7772.png
./trainingData/image/_110_826.jpg,./trainingData/mask/_110_826.png
./trainingData/image/_112_5392.jpg,./trainingData/mask/_112_5392.png
./trainingData/image/_197_533.jpg,./trainingData/mask/_197_533.png
./trainingData/image/_87_4192.jpg,./trainingData/mask/_87_4192.png
./trainingData/image/_116_3737.jpg,./trainingData/mask/_116_3737.png
./trainingData/image/_36_1410.jpg,./trainingData/mask/_36_1410.png
./trainingData/image/_228_8471.jpg,./trainingData/mask/_228_8471.png
./trainingData/image/_237_6153.jpg,./trainingData/mask/_237_6153.png
./trainingData/image/_174_9205.jpg,./trainingData/mask/_174_9205.png
./trainingData/image/_211_8533.jpg,./trainingData/mask/_211_8533.png
./trainingData/image/_219_5199.jpg,./trainingData/mask/_219_5199.png
./trainingData/image/_163_9344.jpg,./trainingData/mask/_163_9344.png
./trainingData/image/_159_6866.jpg,./trainingData/mask/_159_6866.png
./trainingData/image/_182_3232.jpg,./trainingData/mask/_182_3232.png
./trainingData/image/_93_4023.jpg,./trainingData/mask/_93_4023.png
./trainingData/image/_226_7370.jpg,./trainingData/mask/_226_7370.png
./trainingData/image/_11_1096.jpg,./trainingData/mask/_11_1096.png
./trainingData/image/_100_5166.jpg,./trainingData/mask/_100_5166.png
./trainingData/image/_94_6181.jpg,./trainingData/mask/_94_6181.png
./trainingData/image/_44_8383.jpg,./trainingData/mask/_44_8383.png
./trainingData/image/_246_7673.jpg,./trainingData/mask/_246_7673.png
./trainingData/image/_49_5616.jpg,./trainingData/mask/_49_5616.png
./trainingData/image/_207_9527.jpg,./trainingData/mask/_207_9527.png
./trainingData/image/_244_3629.jpg,./trainingData/mask/_244_3629.png
./trainingData/image/_70_9963.jpg,./trainingData/mask/_70_9963.png
./trainingData/image/_164_5407.jpg,./trainingData/mask/_164_5407.png
./trainingData/image/_207_2206.jpg,./trainingData/mask/_207_2206.png
./trainingData/image/_77_8514.jpg,./trainingData/mask/_77_8514.png
./trainingData/image/_168_2507.jpg,./trainingData/mask/_168_2507.png
./trainingData/image/_202_6035.jpg,./trainingData/mask/_202_6035.png
./trainingData/image/_176_9062.jpg,./trainingData/mask/_176_9062.png
./trainingData/image/_153_5344.jpg,./trainingData/mask/_153_5344.png
./trainingData/image/_20_7167.jpg,./trainingData/mask/_20_7167.png
./trainingData/image/_145_1109.jpg,./trainingData/mask/_145_1109.png
./trainingData/image/_221_8544.jpg,./trainingData/mask/_221_8544.png
./trainingData/image/_50_7021.jpg,./trainingData/mask/_50_7021.png
./trainingData/image/_25_3791.jpg,./trainingData/mask/_25_3791.png
./trainingData/image/_188_7047.jpg,./trainingData/mask/_188_7047.png
./trainingData/image/_38_1563.jpg,./trainingData/mask/_38_1563.png
./trainingData/image/_34_7914.jpg,./trainingData/mask/_34_7914.png
./trainingData/image/_88_7300.jpg,./trainingData/mask/_88_7300.png
./trainingData/image/_162_6726.jpg,./trainingData/mask/_162_6726.png
./trainingData/image/_243_6275.jpg,./trainingData/mask/_243_6275.png
./trainingData/image/_47_8435.jpg,./trainingData/mask/_47_8435.png
./trainingData/image/_168_3883.jpg,./trainingData/mask/_168_3883.png
./trainingData/image/_86_6842.jpg,./trainingData/mask/_86_6842.png
./trainingData/image/_131_5020.jpg,./trainingData/mask/_131_5020.png
./trainingData/image/_125_6678.jpg,./trainingData/mask/_125_6678.png
./trainingData/image/_199_1032.jpg,./trainingData/mask/_199_1032.png
./trainingData/image/_205_2084.jpg,./trainingData/mask/_205_2084.png
./trainingData/image/_130_9367.jpg,./trainingData/mask/_130_9367.png
./trainingData/image/_30_9457.jpg,./trainingData/mask/_30_9457.png
./trainingData/image/_87_7280.jpg,./trainingData/mask/_87_7280.png
./trainingData/image/_9_6423.jpg,./trainingData/mask/_9_6423.png
./trainingData/image/_166_4506.jpg,./trainingData/mask/_166_4506.png
./trainingData/image/_244_4941.jpg,./trainingData/mask/_244_4941.png
./trainingData/image/_190_243.jpg,./trainingData/mask/_190_243.png
./trainingData/image/_87_2431.jpg,./trainingData/mask/_87_2431.png
./trainingData/image/_229_3451.jpg,./trainingData/mask/_229_3451.png
